split_id,group_strategy,group_column,heldout_groups,n_train,n_test,train_Eg_mean,test_Eg_mean,train_Eg_std,test_Eg_std,selected_stage,selected_family,selected_terms,n_terms,n_candidates_scored,inner_cv_method,cv_rmse_mean,cv_rmse_std,cv_mae_mean,cv_mae_std,train_rmse,train_mae,test_rmse,test_mae,test_r2,test_median_ae,test_max_ae,high_Eg_rmse,Cl_rich_rmse,MA_rich_rmse,formula_jaccard_to_M4,coefficients,selected_formula_string,screening_cv_pruning_scope,outer_test_group_used_for_selection,external_test_used_for_selection
composition_gss_00,composition_family_group_shuffle,composition_family,Cs_rich__mixed_B__I_rich;FA_rich__mixed_B__I_rich;MA_rich__Pb_rich__I_rich;MA_rich__Sn_rich__Cl_containing;MA_rich__Sn_rich__I_rich,376,131,1.7050079787234043,1.5020839694656491,0.3349333504885764,0.15787546397607388,M4_subset,core,"Sn,Br,Cl,Sn2,SnBr",5,1161,GroupKFold(composition_family),0.08712163114867273,0.027852648531465615,0.0634013684202066,0.023310496535830665,0.06789344946938496,0.046079164300663555,0.06469817172932055,0.05040917431418654,0.8307679247023794,0.041969469771746315,0.24858545619866068,,0.23695347825104882,0.07011865277447758,0.4444444444444444,"{""Br"": 0.7170123313836544, ""Cl"": 1.5154482860371388, ""Intercept"": 1.5190097903452344, ""Sn"": -1.0042886593073515, ""Sn2"": 0.8390808845757295, ""SnBr"": -0.4402165096782569}",Eg = 1.51901 - 1.00429*Sn + 0.717012*Br + 1.51545*Cl + 0.839081*Sn^2 - 0.440217*Sn*Br,current_outer_train_only,False,False
composition_gss_01,composition_family_group_shuffle,composition_family,Cs_rich__Sn_rich__mixed_halide;FA_rich__Sn_rich__I_rich;FA_rich__Sn_rich__mixed_halide;MA_rich__Pb_rich__Br_rich;MA_rich__Sn_rich__Cl_containing,465,42,1.6410967741935485,1.7796666666666665,0.3066167179644016,0.34733491721312315,M4_subset,A_site_extension,"Sn,Br,Cl,Sn2,Br2,Cs,CsSn,CsCl",8,1161,GroupKFold(composition_family),0.06561213315779832,0.021490133083813832,0.05172990351260256,0.014720998610918516,0.05347857918648928,0.0388541177921981,0.07451545677948515,0.0646369641526933,0.9528522165252724,0.05732113152023832,0.1964799108487565,0.03852489215014936,0.10961439646448048,0.066920682317866,1.0,"{""Br"": 0.3180941126323259, ""Br2"": 0.3775163797674585, ""Cl"": 1.6241508968455372, ""Cs"": 0.12832780218982048, ""CsCl"": -0.33643224519739856, ""CsSn"": -0.1807347052070104, ""Intercept"": 1.5559698912079059, ""Sn"": -1.0559869002351832, ""Sn2"": 0.830418796284973}",Eg = 1.55597 - 1.05599*Sn + 0.318094*Br + 1.62415*Cl + 0.830419*Sn^2 + 0.377516*Br^2 + 0.128328*Cs - 0.180735*Cs*Sn - 0.336432*Cs*Cl,current_outer_train_only,False,False
composition_gss_02,composition_family_group_shuffle,composition_family,Cs_rich__Sn_rich__Cl_containing;Cs_rich__Sn_rich__I_rich;FA_rich__Pb_rich__Cl_containing;MA_rich__Pb_rich__I_rich;mixed_A__Pb_rich__I_rich,406,101,1.6518103448275863,1.6556534653465347,0.323905642397089,0.2610872817907285,M4_subset,A_site_extension,"Sn,Br,Cl,Sn2,Cs,CsSn,CsCl",7,1161,GroupKFold(composition_family),0.07383649275347905,0.026043579910016015,0.053686388000633134,0.022110582624635798,0.05867940361994032,0.04034226560202606,0.0754019634687709,0.05990908591968185,0.9157606028244891,0.05529934593795538,0.32357662625094497,0.13948415609451398,0.15256881381594448,0.06381134089387112,0.875,"{""Br"": 0.680569175231154, ""Cl"": 1.6578230350382253, ""Cs"": 0.14126314162375708, ""CsCl"": -0.40725215024633105, ""CsSn"": -0.25289516706638976, ""Intercept"": 1.5078665035481755, ""Sn"": -1.0011722287684823, ""Sn2"": 0.8307902396200999}",Eg = 1.50787 - 1.00117*Sn + 0.680569*Br + 1.65782*Cl + 0.83079*Sn^2 + 0.141263*Cs - 0.252895*Cs*Sn - 0.407252*Cs*Cl,current_outer_train_only,False,False
composition_gss_03,composition_family_group_shuffle,composition_family,Cs_rich__Pb_rich__Br_rich;FA_rich__Pb_rich__Br_rich;MA_rich__Sn_rich__Cl_containing;MA_rich__Sn_rich__I_rich;MA_rich__mixed_B__mixed_halide,470,37,1.635723404255319,1.8666486486486487,0.3021908702332885,0.35941783300036556,M4_subset,core,"Sn,Br,Cl,Sn2,Br2,SnBr",6,1161,GroupKFold(composition_family),0.07051612180571379,0.021228598846970738,0.053096998210144505,0.013206584219031418,0.060607066062813846,0.04227978473004586,0.07906003299572123,0.052940925401488405,0.9502705148508307,0.02672297890197539,0.2208687155506901,0.08091782949992542,0.21795126455215177,0.11150299814389018,0.5555555555555556,"{""Br"": 0.4325390605906415, ""Br2"": 0.28847137891677843, ""Cl"": 1.5100095940637086, ""Intercept"": 1.55833560387746, ""Sn"": -1.049530985633119, ""Sn2"": 0.8549386079329607, ""SnBr"": -0.29859286215780895}",Eg = 1.55834 - 1.04953*Sn + 0.432539*Br + 1.51001*Cl + 0.854939*Sn^2 + 0.288471*Br^2 - 0.298593*Sn*Br,current_outer_train_only,False,False
composition_gss_04,composition_family_group_shuffle,composition_family,Cs_rich__Pb_rich__I_rich;FA_rich__Sn_rich__I_rich;FA_rich__mixed_B__I_rich;MA_rich__Pb_rich__I_rich;MA_rich__Pb_rich__mixed_halide,342,165,1.7098479532163744,1.5338666666666667,0.3480674088384391,0.16654591886152867,M4_subset,A_site_extension,"Sn,Br,Cl,Sn2,Cs,CsSn,CsCl",7,1161,GroupKFold(composition_family),0.07979919211970654,0.02970483789700482,0.06167408887511513,0.026183579421325664,0.06235579790409633,0.04168538480192551,0.06412651800839396,0.05269517651013508,0.8508417003026281,0.04641420270880703,0.16027690692456353,,,0.0601607472817759,0.875,"{""Br"": 0.6839020296663042, ""Cl"": 1.6239320477018158, ""Cs"": 0.1120164477274778, ""CsCl"": -0.31031150331781904, ""CsSn"": -0.19311935706935043, ""Intercept"": 1.509585797291193, ""Sn"": -1.027698817488218, ""Sn2"": 0.8248160989187951}",Eg = 1.50959 - 1.0277*Sn + 0.683902*Br + 1.62393*Cl + 0.824816*Sn^2 + 0.112016*Cs - 0.193119*Cs*Sn - 0.310312*Cs*Cl,current_outer_train_only,False,False
composition_gss_05,composition_family_group_shuffle,composition_family,Cs_rich__Sn_rich__mixed_halide;FA_rich__Pb_rich__I_rich;MA_rich__Sn_rich__Cl_containing;MA_rich__Sn_rich__mixed_halide;MA_rich__mixed_B__mixed_halide,326,181,1.694825153374233,1.5764806629834256,0.37847104973622214,0.07906660983417162,M4_subset,A_site_extension,"Sn,Br,Cl,Sn2,Br2,Cs,CsSn,CsCl",8,1161,GroupKFold(composition_family),0.0665661377964483,0.0197069924067778,0.047876852477975594,0.014342787352032111,0.056843912655471625,0.039922918756274024,0.059069849745371286,0.04810391628284087,0.43875618703689867,0.0448923743560623,0.20150709300242609,,0.08062491166466966,0.08147409585262055,1.0,"{""Br"": 0.3112511601396669, ""Br2"": 0.3695614325750991, ""Cl"": 1.5914196234081308, ""Cs"": 0.11164058630852597, ""CsCl"": -0.3072026992143683, ""CsSn"": -0.20140899713839028, ""Intercept"": 1.5821462864097835, ""Sn"": -1.1527730727339187, ""Sn2"": 0.9401492904511022}",Eg = 1.58215 - 1.15277*Sn + 0.311251*Br + 1.59142*Cl + 0.940149*Sn^2 + 0.369561*Br^2 + 0.111641*Cs - 0.201409*Cs*Sn - 0.307203*Cs*Cl,current_outer_train_only,False,False
composition_gss_06,composition_family_group_shuffle,composition_family,Cs_rich__Pb_rich__Br_rich;Cs_rich__Pb_rich__I_rich;Cs_rich__Sn_rich__mixed_halide;MA_rich__Sn_rich__Br_rich;mixed_A__Pb_rich__I_rich,488,19,1.6455737704918032,1.8324210526315787,0.310982484120403,0.29552990369268584,M4_subset,A_site_extension,"Sn,Br,Cl,Sn2,Br2,Cs,CsSn,CsCl",8,1161,GroupKFold(composition_family),0.06558262382321982,0.014027073252402442,0.04971599011409346,0.009280509765751075,0.05314488370564493,0.03820754341116667,0.08392950454557488,0.07083348970086506,0.9148651157111097,0.05254469387506844,0.149991203456173,0.05315288280415332,,0.014354289026913936,1.0,"{""Br"": 0.35521385254376664, ""Br2"": 0.35799545342746086, ""Cl"": 1.6182906359400484, ""Cs"": 0.11116020414326885, ""CsCl"": -0.3218828625764534, ""CsSn"": -0.20733127184728828, ""Intercept"": 1.5536394207209059, ""Sn"": -1.0934140437403066, ""Sn2"": 0.9070231224175661}",Eg = 1.55364 - 1.09341*Sn + 0.355214*Br + 1.61829*Cl + 0.907023*Sn^2 + 0.357995*Br^2 + 0.11116*Cs - 0.207331*Cs*Sn - 0.321883*Cs*Cl,current_outer_train_only,False,False
composition_gss_07,composition_family_group_shuffle,composition_family,Cs_rich__Pb_rich__Cl_containing;Cs_rich__Sn_rich__Cl_containing;FA_rich__Pb_rich__Br_rich;FA_rich__Pb_rich__I_rich;mixed_A__Pb_rich__I_rich,309,198,1.6517928802589,1.6537979797979798,0.3577302579900284,0.2240925062701929,M4_subset,A_site_extension,"Sn,Br,Cl,Sn2,Br2,SnBr,SnCl,Cs",8,1161,GroupKFold(composition_family),0.06992198702755978,0.023863542241947207,0.05079683166453438,0.017256320431856997,0.05878416344636144,0.04249006308896448,0.153071101388507,0.06241996760737021,0.5310454967732363,0.03929684466390293,1.3488579870059203,0.4415229251526087,0.7611528420184339,,0.6,"{""Br"": 0.3724860022438686, ""Br2"": 0.3266990534570594, ""Cl"": 1.578445574991793, ""Cs"": 0.06927532660442848, ""Intercept"": 1.5797212638139995, ""Sn"": -1.1418619912176466, ""Sn2"": 0.9101232863601465, ""SnBr"": -0.1389478739627319, ""SnCl"": 1.1531545264531993}",Eg = 1.57972 - 1.14186*Sn + 0.372486*Br + 1.57845*Cl + 0.910123*Sn^2 + 0.326699*Br^2 - 0.138948*Sn*Br + 1.15315*Sn*Cl + 0.0692753*Cs,current_outer_train_only,False,False
composition_gss_08,composition_family_group_shuffle,composition_family,Cs_rich__Pb_rich__Br_rich;Cs_rich__Pb_rich__Cl_containing;Cs_rich__Sn_rich__mixed_halide;MA_rich__mixed_B__Br_rich;MA_rich__mixed_B__mixed_halide,482,25,1.6412157676348549,1.8716,0.29728061867089706,0.4803703432422392,M4_subset,A_site_extension,"Sn,Br,Cl,Sn2,Br2,Cs,CsSn",7,1161,GroupKFold(composition_family),0.06757050969341268,0.01413955296183176,0.049757625937830244,0.005886679033280644,0.051785105428769726,0.03704680635954226,0.14366376022439414,0.1051692396346679,0.9068311251212853,0.03961200482830196,0.30175143632238877,0.17424670443244625,0.23822321912890995,0.1278682648717393,0.875,"{""Br"": 0.3962326729392094, ""Br2"": 0.3282132838185008, ""Cl"": 1.5767260273129233, ""Cs"": 0.1551998448082471, ""CsSn"": -0.3318591567905404, ""Intercept"": 1.5457390723056268, ""Sn"": -1.028302389929132, ""Sn2"": 0.8530483667668209}",Eg = 1.54574 - 1.0283*Sn + 0.396233*Br + 1.57673*Cl + 0.853048*Sn^2 + 0.328213*Br^2 + 0.1552*Cs - 0.331859*Cs*Sn,current_outer_train_only,False,False
composition_gss_09,composition_family_group_shuffle,composition_family,Cs_rich__Pb_rich__I_rich;Cs_rich__Pb_rich__mixed_halide;Cs_rich__mixed_B__I_rich;FA_rich__Sn_rich__mixed_halide;MA_rich__Sn_rich__Cl_containing,490,17,1.6505510204081633,1.7109411764705884,0.3154549583140642,0.19156704785408532,M4_subset,A_site_extension,"Sn,Br,Cl,Sn2,Br2,SnBr,Cs,CsCl",8,1161,GroupKFold(composition_family),0.06429669605859015,0.010965482144943837,0.049235829167691494,0.006578362343088229,0.051962196596133506,0.03795487246004777,0.16222507706613612,0.1484247806634177,0.23805556082818724,0.16686662416323395,0.23488169787290536,,0.2277697554077097,0.2277697554077097,0.7777777777777778,"{""Br"": 0.4012779610518995, ""Br2"": 0.3339509234271676, ""Cl"": 1.6019923987721447, ""Cs"": 0.02512808863253113, ""CsCl"": -0.284766778657756, ""Intercept"": 1.5533482422260372, ""Sn"": -1.037099896212725, ""Sn2"": 0.8372456625757225, ""SnBr"": -0.31116384374098965}",Eg = 1.55335 - 1.0371*Sn + 0.401278*Br + 1.60199*Cl + 0.837246*Sn^2 + 0.333951*Br^2 - 0.311164*Sn*Br + 0.0251281*Cs - 0.284767*Cs*Cl,current_outer_train_only,False,False
composition_gss_10,composition_family_group_shuffle,composition_family,Cs_rich__Pb_rich__mixed_halide;FA_rich__Pb_rich__Cl_containing;MA_rich__Pb_rich__Br_rich;MA_rich__Sn_rich__mixed_halide;MA_rich__mixed_B__I_rich,448,59,1.6417410714285714,1.7348474576271191,0.28780541977462115,0.4516358318440797,M4_subset,core,"Sn,Br,Cl,Sn2,Br2",5,1161,GroupKFold(composition_family),0.07644482456245627,0.031332203092224134,0.06037894821887026,0.022990607383031415,0.06253449768044128,0.043079744517728856,0.0680412226704209,0.04888391346468312,0.976911726679745,0.03461716920308433,0.19990486385996697,0.040911478647465534,0.05456912390401105,0.05890162369776524,0.625,"{""Br"": 0.3128237619572301, ""Br2"": 0.4148813270639244, ""Cl"": 1.5265236359579815, ""Intercept"": 1.5699190479314837, ""Sn"": -1.1162698071453367, ""Sn2"": 0.8734833935235159}",Eg = 1.56992 - 1.11627*Sn + 0.312824*Br + 1.52652*Cl + 0.873483*Sn^2 + 0.414881*Br^2,current_outer_train_only,False,False
composition_gss_11,composition_family_group_shuffle,composition_family,Cs_rich__Pb_rich__Br_rich;Cs_rich__Pb_rich__I_rich;FA_rich__Pb_rich__mixed_halide;MA_rich__Pb_rich__I_rich;mixed_A__Pb_rich__I_rich,368,139,1.6496141304347827,1.6604172661870504,0.35589740433949585,0.1427293424876779,M4_subset,A_site_extension,"Sn,Br,Cl,Sn2,Cs,CsSn,CsBr,CsCl",8,1161,GroupKFold(composition_family),0.07042285813939889,0.016144104617155278,0.051619532391807166,0.012910715453758017,0.05851326825733858,0.039636351238824225,0.07352428791971423,0.0541946539729058,0.7327173073922782,0.046882654983404715,0.2867942812480093,0.2530564087102086,,0.06431704589675319,0.7777777777777778,"{""Br"": 0.7039009400090471, ""Cl"": 1.6237178936805592, ""Cs"": 0.22839119256268214, ""CsBr"": -0.32933599339695896, ""CsCl"": -0.32265826357072863, ""CsSn"": -0.2643952380937798, ""Intercept"": 1.5026102228154192, ""Sn"": -1.014202159727741, ""Sn2"": 0.8465366332513085}",Eg = 1.50261 - 1.0142*Sn + 0.703901*Br + 1.62372*Cl + 0.846537*Sn^2 + 0.228391*Cs - 0.264395*Cs*Sn - 0.329336*Cs*Br - 0.322658*Cs*Cl,current_outer_train_only,False,False
composition_gss_12,composition_family_group_shuffle,composition_family,Cs_rich__Sn_rich__mixed_halide;FA_rich__Pb_rich__Br_rich;FA_rich__Sn_rich__I_rich;FA_rich__mixed_B__I_rich;MA_rich__Sn_rich__I_rich,432,75,1.6795092592592593,1.4974400000000003,0.30135690798943615,0.3297884350487323,M4_subset,A_site_extension,"Sn,Br,Cl,Sn2,Br2,Cs,CsSn,CsCl",8,1161,GroupKFold(composition_family),0.0723108516438222,0.02579753116576725,0.05888568921091737,0.020629527960504816,0.05596728025262369,0.040605077404030646,0.046350421985153246,0.03488830261456183,0.9799799072651031,0.027264796470861885,0.15630921567139278,0.01854398731178258,,0.07298542710316433,1.0,"{""Br"": 0.33599824502812936, ""Br2"": 0.37453029355590206, ""Cl"": 1.6197149572841951, ""Cs"": 0.12378420746289179, ""CsCl"": -0.3351024828957637, ""CsSn"": -0.22060406789180376, ""Intercept"": 1.5556361509814407, ""Sn"": -1.1405263174379967, ""Sn2"": 0.9605633542137312}",Eg = 1.55564 - 1.14053*Sn + 0.335998*Br + 1.61971*Cl + 0.960563*Sn^2 + 0.37453*Br^2 + 0.123784*Cs - 0.220604*Cs*Sn - 0.335102*Cs*Cl,current_outer_train_only,False,False
composition_gss_13,composition_family_group_shuffle,composition_family,Cs_rich__Pb_rich__Cl_containing;FA_rich__Sn_rich__mixed_halide;MA_rich__Pb_rich__I_rich;MA_rich__mixed_B__Br_rich;MA_rich__mixed_B__I_rich,381,126,1.6798818897637795,1.5700079365079365,0.32730593963221116,0.24423272495001144,M4_subset,A_site_extension,"Sn,Br,Cl,Sn2,SnBr,Cs,CsSn",7,1161,GroupKFold(composition_family),0.07163852187149504,0.020883008293057562,0.05230796896393388,0.017203037319441193,0.055409639716348554,0.03859724744520933,0.08523122907151215,0.06789037189939486,0.877241852922542,0.061117587435639886,0.30802370671840906,0.23585767788334494,0.23585767788334494,0.07464635087109167,0.6666666666666666,"{""Br"": 0.7090740178383358, ""Cl"": 1.5837979823730994, ""Cs"": 0.15072134858861103, ""CsSn"": -0.30197239003885323, ""Intercept"": 1.5008663580240804, ""Sn"": -0.98289735941962, ""Sn2"": 0.8610898491832434, ""SnBr"": -0.29031342320129366}",Eg = 1.50087 - 0.982897*Sn + 0.709074*Br + 1.5838*Cl + 0.86109*Sn^2 - 0.290313*Sn*Br + 0.150721*Cs - 0.301972*Cs*Sn,current_outer_train_only,False,False
composition_gss_14,composition_family_group_shuffle,composition_family,Cs_rich__Sn_rich__mixed_halide;FA_rich__Pb_rich__Br_rich;MA_rich__Pb_rich__Cl_containing;MA_rich__Pb_rich__mixed_halide;MA_rich__Sn_rich__Cl_containing,454,53,1.6029030837004408,2.078075471698113,0.2524162429033025,0.4325707967425503,M4_subset,A_site_extension,"Sn,Br,Cl,Sn2,Br2,Cs,CsSn",7,1161,GroupKFold(composition_family),0.06470028653556967,0.017175410943438513,0.05139415493351166,0.01123784561937083,0.05409207984710497,0.03945527548454629,0.11365774530809802,0.07838993497554356,0.9296350787530844,0.04237320774842823,0.2982842528784464,0.19045097174013909,0.20920013177416635,0.1419672119138502,0.875,"{""Br"": 0.2879632172727823, ""Br2"": 0.426075298050999, ""Cl"": 1.3453073769111419, ""Cs"": 0.12077923691742509, ""CsSn"": -0.2246070723840753, ""Intercept"": 1.5583346924246468, ""Sn"": -1.0946934303562035, ""Sn2"": 0.904791693556837}",Eg = 1.55833 - 1.09469*Sn + 0.287963*Br + 1.34531*Cl + 0.904792*Sn^2 + 0.426075*Br^2 + 0.120779*Cs - 0.224607*Cs*Sn,current_outer_train_only,False,False
composition_gss_15,composition_family_group_shuffle,composition_family,FA_rich__Sn_rich__I_rich;FA_rich__Sn_rich__mixed_halide;MA_rich__Pb_rich__I_rich;MA_rich__Pb_rich__mixed_halide;MA_rich__mixed_B__Br_rich,378,129,1.6703809523809523,1.6004031007751938,0.3517581802247941,0.13079537449890985,M4_subset,A_site_extension,"Sn,Br,Cl,Sn2,Br2,Cs,CsSn,CsBr,CsCl",9,1161,GroupKFold(composition_family),0.06962611289766948,0.020928138012427686,0.051128331652846984,0.018088230241313383,0.05154827109476375,0.036096951972735346,0.0646539832749548,0.050202865005834985,0.7537447249329895,0.04891002628075092,0.30264433191122153,,,0.06336685867945574,0.8888888888888888,"{""Br"": 0.4162645998461628, ""Br2"": 0.3404678985931028, ""Cl"": 1.6353350903738797, ""Cs"": 0.2021534826702669, ""CsBr"": -0.1786519750610096, ""CsCl"": -0.35113183413696497, ""CsSn"": -0.24817204077396718, ""Intercept"": 1.5260784763210768, ""Sn"": -0.9941259990395486, ""Sn2"": 0.8075395878129427}",Eg = 1.52608 - 0.994126*Sn + 0.416265*Br + 1.63534*Cl + 0.80754*Sn^2 + 0.340468*Br^2 + 0.202153*Cs - 0.248172*Cs*Sn - 0.178652*Cs*Br - 0.351132*Cs*Cl,current_outer_train_only,False,False
composition_gss_16,composition_family_group_shuffle,composition_family,Cs_rich__Pb_rich__I_rich;Cs_rich__Sn_rich__Br_rich;FA_rich__Pb_rich__Cl_containing;FA_rich__Sn_rich__mixed_halide;MA_rich__Sn_rich__Cl_containing,487,20,1.6404024640657084,1.9489999999999998,0.3031298704315121,0.38535192391262024,M4_subset,core,"Sn,Br,Cl,Sn2,Br2",5,1161,GroupKFold(composition_family),0.14889179480306863,0.19619235397962725,0.08775826934274503,0.0923872152320867,0.05878448987145622,0.040621534647363906,0.13163251733714046,0.11118074276407461,0.8771747363176452,0.09873217926526434,0.2299518944164889,0.05256372984204153,0.07777012625100571,0.12611079677675535,0.625,"{""Br"": 0.33249195789199215, ""Br2"": 0.3941614249304492, ""Cl"": 1.5275337804832099, ""Intercept"": 1.566001753768235, ""Sn"": -1.0670348750010044, ""Sn2"": 0.8136763087265398}",Eg = 1.566 - 1.06703*Sn + 0.332492*Br + 1.52753*Cl + 0.813676*Sn^2 + 0.394161*Br^2,current_outer_train_only,False,False
composition_gss_17,composition_family_group_shuffle,composition_family,FA_rich__mixed_B__I_rich;MA_rich__Pb_rich__I_rich;MA_rich__Pb_rich__mixed_halide;MA_rich__mixed_B__I_rich;mixed_A__Pb_rich__I_rich,337,170,1.729192878338279,1.5006941176470587,0.33719337245165637,0.17550545928085123,M4_subset,A_site_extension,"Sn,Br,Cl,Sn2,Br2,SnBr,Cs,CsSn,CsBr,CsCl",10,1161,GroupKFold(composition_family),0.06988814970471724,0.03000267270385473,0.05302286316702949,0.026077655222429195,0.05358492052507418,0.0367306637749937,0.06929445656661833,0.058047604872402764,0.8431884878439786,0.05512134690065751,0.20199747401676538,,,0.06713215714673165,0.8,"{""Br"": 0.4952219910502935, ""Br2"": 0.26991197112769794, ""Cl"": 1.6316017253208177, ""Cs"": 0.20347164570746756, ""CsBr"": -0.17980702854884248, ""CsCl"": -0.3539843672024126, ""CsSn"": -0.2572013380029523, ""Intercept"": 1.5167522434682084, ""Sn"": -1.2732012351521897, ""Sn2"": 1.128317353599388, ""SnBr"": -0.11937017346879245}",Eg = 1.51675 - 1.2732*Sn + 0.495222*Br + 1.6316*Cl + 1.12832*Sn^2 + 0.269912*Br^2 - 0.11937*Sn*Br + 0.203472*Cs - 0.257201*Cs*Sn - 0.179807*Cs*Br - 0.353984*Cs*Cl,current_outer_train_only,False,False
composition_gss_18,composition_family_group_shuffle,composition_family,Cs_rich__Sn_rich__mixed_halide;FA_rich__Pb_rich__I_rich;FA_rich__Pb_rich__mixed_halide;MA_rich__Pb_rich__I_rich;MA_rich__Pb_rich__mixed_halide,195,312,1.721594871794872,1.6094391025641026,0.48639459922899325,0.07821231806809142,M4_subset,A_site_extension,"Sn,Br,Cl,Sn2,Br2,Cs,CsCl",7,1161,GroupKFold(composition_family),0.08328606352898331,0.01920890091868278,0.0644593588199541,0.0152686547993932,0.07439775226062936,0.05536101994393225,0.08746955283733569,0.07722043375244236,-0.2547514381339544,0.07693573428913592,0.23823075528658944,,,0.06592244067076485,0.875,"{""Br"": 0.24754561624032906, ""Br2"": 0.3818383609948324, ""Cl"": 1.5289248094922316, ""Cs"": 0.034876366904056794, ""CsCl"": -0.2922894733572175, ""Intercept"": 1.646472824217919, ""Sn"": -1.3409322615034793, ""Sn2"": 1.051688854218619}",Eg = 1.64647 - 1.34093*Sn + 0.247546*Br + 1.52892*Cl + 1.05169*Sn^2 + 0.381838*Br^2 + 0.0348764*Cs - 0.292289*Cs*Cl,current_outer_train_only,False,False
composition_gss_19,composition_family_group_shuffle,composition_family,Cs_rich__Pb_rich__Br_rich;Cs_rich__Sn_rich__Br_rich;MA_rich__Pb_rich__I_rich;MA_rich__Sn_rich__Br_rich;MA_rich__mixed_B__mixed_halide,407,100,1.6608894348894347,1.6187399999999998,0.33789695876157316,0.16850403106409198,M4_subset,core,"Sn,Br,Cl,Sn2,SnBr",5,1161,GroupKFold(composition_family),0.08426245033443003,0.020781664149783392,0.05738915985669647,0.011240149559726374,0.06597239869744645,0.04399578412805197,0.06924837806809082,0.05585934584850899,0.8294061276551468,0.04965344558552742,0.18368419350334264,0.15872378755434707,,0.06286690084967447,0.4444444444444444,"{""Br"": 0.697961195440533, ""Cl"": 1.5220167153321826, ""Intercept"": 1.521387330505662, ""Sn"": -0.9603540987514958, ""Sn2"": 0.7865493443961592, ""SnBr"": -0.3405795576208761}",Eg = 1.52139 - 0.960354*Sn + 0.697961*Br + 1.52202*Cl + 0.786549*Sn^2 - 0.34058*Sn*Br,current_outer_train_only,False,False
halide_logo_Br_rich,halide_logo,halide_group,Br_rich,449,58,1.608574610244989,1.9932068965517242,0.29276718471032087,0.24098087269373625,M4_subset,A_site_extension,"Sn,Br,Cl,Sn2,Br2,Cs,CsSn",7,1161,KFold_fallback,0.05861146696952502,0.0081006971294475,0.04151208833905834,0.00423905280449828,0.05632206016835402,0.04040588201111676,0.07259386438233638,0.056629444093227295,0.9076604351046854,0.04563546370625793,0.2767623662595249,0.057500479950684885,,0.08662639132586193,0.875,"{""Br"": 0.3838725026825804, ""Br2"": 0.28954152548429374, ""Cl"": 1.5336741494597006, ""Cs"": 0.10705760930161037, ""CsSn"": -0.26726646371631974, ""Intercept"": 1.552992900312103, ""Sn"": -1.0642219651521092, ""Sn2"": 0.8826227618188711}",Eg = 1.55299 - 1.06422*Sn + 0.383873*Br + 1.53367*Cl + 0.882623*Sn^2 + 0.289542*Br^2 + 0.107058*Cs - 0.267266*Cs*Sn,current_outer_train_only,False,False
halide_logo_Cl_containing,halide_logo,halide_group,Cl_containing,480,27,1.6021583333333331,2.5488888888888885,0.21839899499770038,0.3694937631755657,M4_subset,A_site_extension,"Sn,Br,Sn2,Br2,Cs,CsSn",6,1161,KFold_fallback,0.0515503837700082,0.004451373132198527,0.03752425232323231,0.0030294138052075676,0.050358048671745086,0.036749789958063044,0.8894008329518155,0.7278525184582298,-5.016878690401544,0.6190409700934432,1.6067184903311036,0.9706224080412418,0.8894008329518155,0.9952194250139778,0.75,"{""Br"": 0.34232134784156826, ""Br2"": 0.37496595496504653, ""Cs"": 0.13322598331465588, ""CsSn"": -0.21392774506365997, ""Intercept"": 1.5532815096688966, ""Sn"": -1.0959949021955087, ""Sn2"": 0.9068097734600211}",Eg = 1.55328 - 1.09599*Sn + 0.342321*Br + 0.90681*Sn^2 + 0.374966*Br^2 + 0.133226*Cs - 0.213928*Cs*Sn,current_outer_train_only,False,False
halide_logo_I_rich,halide_logo,halide_group,I_rich,153,354,1.957235294117647,1.5209011299435031,0.38250668664100157,0.1380792105423142,M4_subset,A_site_extension,"Sn,Br,Cl,Sn2,Br2,Cs,CsSn",7,1161,KFold_fallback,0.07559187602355547,0.00934286703119412,0.051652471417941895,0.006637970093884651,0.06788410768138176,0.047272889617540684,0.06619590925987696,0.05056960864663392,0.769519456226031,0.04006929400049419,0.2694744859601741,,,0.053634766155171265,0.875,"{""Br"": 0.34022862438323154, ""Br2"": 0.3543603335724543, ""Cl"": 1.5254686474894155, ""Cs"": 0.03856005722554931, ""CsSn"": -0.3018670478415881, ""Intercept"": 1.5883720215038868, ""Sn"": -1.4393456027036344, ""Sn2"": 1.2498822259021338}",Eg = 1.58837 - 1.43935*Sn + 0.340229*Br + 1.52547*Cl + 1.24988*Sn^2 + 0.35436*Br^2 + 0.0385601*Cs - 0.301867*Cs*Sn,current_outer_train_only,False,False
halide_logo_mixed_halide,halide_logo,halide_group,mixed_halide,439,68,1.6465261958997723,1.6916323529411763,0.3314991871335418,0.1255440583200004,M4_subset,A_site_extension,"Sn,Br,Cl,Sn2,Br2,Cs,CsSn,CsCl",8,1161,KFold_fallback,0.058891860947153395,0.005405735629085831,0.041117000730036074,0.003462541399723241,0.05469795409168186,0.03934116573187782,0.05563894778702428,0.04502896260977393,0.8006576381550331,0.038230737845685425,0.16361414721596956,,,0.06367577290607186,1.0,"{""Br"": 0.30272075211361915, ""Br2"": 0.41250179481881377, ""Cl"": 1.6262507662097432, ""Cs"": 0.11408585847975009, ""CsCl"": -0.32679295976379275, ""CsSn"": -0.20601910354581063, ""Intercept"": 1.5552720882898816, ""Sn"": -1.0739760258156086, ""Sn2"": 0.8836282401051765}",Eg = 1.55527 - 1.07398*Sn + 0.302721*Br + 1.62625*Cl + 0.883628*Sn^2 + 0.412502*Br^2 + 0.114086*Cs - 0.206019*Cs*Sn - 0.326793*Cs*Cl,current_outer_train_only,False,False
a_site_logo_Cs_rich,a_site_logo,A_site_group,Cs_rich,475,32,1.6366336842105262,1.88921875,0.29414849668744963,0.45378662986424395,M4_subset,core,"Sn,Br,Cl,Sn2,Br2",5,1161,KFold_fallback,0.05152239269524543,0.006411521999089161,0.03725818487721663,0.0033406568931373683,0.05052109958191874,0.03669995540102251,0.17382215492477626,0.14154440468083448,0.848540976643122,0.14309736766317904,0.5016533246597548,0.12717577595150453,0.26526769032865716,,0.625,"{""Br"": 0.38078255813704165, ""Br2"": 0.33408200434269375, ""Cl"": 1.6057921924989778, ""Intercept"": 1.5585235531633597, ""Sn"": -1.122636779322123, ""Sn2"": 0.9278460073860604}",Eg = 1.55852 - 1.12264*Sn + 0.380783*Br + 1.60579*Cl + 0.927846*Sn^2 + 0.334082*Br^2,current_outer_train_only,False,False
a_site_logo_FA_rich,a_site_logo,A_site_group,FA_rich,223,284,1.7206726457399104,1.5991056338028167,0.38598552406653086,0.22547693331982807,M4_subset,A_site_extension,"Sn,Br,Cl,Sn2,Br2,Cs,CsSn,CsCl",8,1161,KFold_fallback,0.0699942306900604,0.013401639824970762,0.04801348225460755,0.005759291996801579,0.06206188319768471,0.044397685082476955,0.05691407504511818,0.043837742527010976,0.9360608247413976,0.036816915924411164,0.21690648480568786,0.07353607294473094,0.09765811665972414,,1.0,"{""Br"": 0.3063649463222992, ""Br2"": 0.3801453893116047, ""Cl"": 1.6307702336190244, ""Cs"": 0.10996757899844878, ""CsCl"": -0.34692449088547117, ""CsSn"": -0.17555096079753646, ""Intercept"": 1.5861362511866635, ""Sn"": -1.1769771576596144, ""Sn2"": 0.9337148729431181}",Eg = 1.58614 - 1.17698*Sn + 0.306365*Br + 1.63077*Cl + 0.933715*Sn^2 + 0.380145*Br^2 + 0.109968*Cs - 0.175551*Cs*Sn - 0.346924*Cs*Cl,current_outer_train_only,False,False
a_site_logo_MA_rich,a_site_logo,A_site_group,MA_rich,318,189,1.6284528301886791,1.6931640211640213,0.27048515118374283,0.3691532858933696,M4_subset,A_site_extension,"Sn,Br,Cl,Sn2,Br2,Cs,CsSn,CsBr",8,1161,KFold_fallback,0.049301838113377724,0.00839852788040144,0.03424887188480056,0.00621406427672104,0.047261049488495695,0.032915831514817355,0.085013438564115,0.06102203708513052,0.9466830075906484,0.05079359163025776,0.31916457214662497,0.19216955065966843,0.208887847654762,0.085013438564115,0.7777777777777778,"{""Br"": 0.3984372809953145, ""Br2"": 0.3619680544088679, ""Cl"": 1.3484179276582458, ""Cs"": 0.19684817418639888, ""CsBr"": -0.17449864226931708, ""CsSn"": -0.3095818584232569, ""Intercept"": 1.5271425019949305, ""Sn"": -1.0275110202824669, ""Sn2"": 0.8884705250590537}",Eg = 1.52714 - 1.02751*Sn + 0.398437*Br + 1.34842*Cl + 0.888471*Sn^2 + 0.361968*Br^2 + 0.196848*Cs - 0.309582*Cs*Sn - 0.174499*Cs*Br,current_outer_train_only,False,False
a_site_logo_mixed_A,a_site_logo,A_site_group,mixed_A,505,2,1.652691089108911,1.6235,0.31277727321321225,0.02333452377915601,M4_subset,A_site_extension,"Sn,Br,Cl,Sn2,Br2,Cs,CsSn,CsCl",8,1161,KFold_fallback,0.05798656169553694,0.0026909296824063162,0.0408904981685406,0.0013769317572721238,0.05462492337964535,0.039605997863051724,0.026122595677964548,0.020098300608652808,-1.5064830301355938,0.020098300608652808,0.036785071344737075,,,,1.0,"{""Br"": 0.3452078454388328, ""Br2"": 0.36490417336611125, ""Cl"": 1.6199108811306633, ""Cs"": 0.1219671950323685, ""CsCl"": -0.32493378170260395, ""CsSn"": -0.22648293972965697, ""Intercept"": 1.5544280506423154, ""Sn"": -1.0986286229699715, ""Sn2"": 0.9134683322489715}",Eg = 1.55443 - 1.09863*Sn + 0.345208*Br + 1.61991*Cl + 0.913468*Sn^2 + 0.364904*Br^2 + 0.121967*Cs - 0.226483*Cs*Sn - 0.324934*Cs*Cl,current_outer_train_only,False,False
