split_id,group_strategy,feature,pearson_r_train_only,spearman_r_train_only,train_mean,train_sd,screening_used_test_group,external_test_used
composition_gss_00,composition_family_group_shuffle,FA,-0.22777889583354846,-0.1688458521257701,0.5468470744680851,0.37497567194608566,False,False
composition_gss_00,composition_family_group_shuffle,MA,0.12020869944468338,-0.0019324248528683758,0.3149348404255319,0.38126300337550173,False,False
composition_gss_00,composition_family_group_shuffle,Cs,0.15051972240172304,0.03966929211636957,0.13821808510638298,0.26295832935794866,False,False
composition_gss_00,composition_family_group_shuffle,Pb,0.33737052036568094,0.5095678408770478,0.8760851063829788,0.2890321194450921,False,False
composition_gss_00,composition_family_group_shuffle,Sn,-0.337370520365681,-0.5095678408770478,0.12391489361702128,0.2890321194450921,False,False
composition_gss_00,composition_family_group_shuffle,Br,0.6068518756759655,0.7368640494905708,0.2586303191489362,0.26891559823043215,False,False
composition_gss_00,composition_family_group_shuffle,Cl,0.7115504290491711,0.42278001562044065,0.03425531914893617,0.1520262388700205,False,False
composition_gss_00,composition_family_group_shuffle,I,-0.8678327534991792,-0.8134455699961816,0.7071143617021277,0.3126942024084523,False,False
composition_gss_01,composition_family_group_shuffle,FA,-0.11912142470564639,-0.06053485908966575,0.48905483870967736,0.38000167692351433,False,False
composition_gss_01,composition_family_group_shuffle,MA,-0.014127066080222784,-0.09823366844146654,0.38551505376344086,0.3983940238812263,False,False
composition_gss_01,composition_family_group_shuffle,Cs,0.20770679147405813,0.15100181087610814,0.12543010752688172,0.2450304079409761,False,False
composition_gss_01,composition_family_group_shuffle,Pb,0.3798487940877215,0.5860998138905414,0.8846559139784946,0.2503698770123215,False,False
composition_gss_01,composition_family_group_shuffle,Sn,-0.3798487940877215,-0.5860998138905414,0.1153440860215054,0.25036987701232155,False,False
composition_gss_01,composition_family_group_shuffle,Br,0.578264056402091,0.6728286084941362,0.1825268817204301,0.2266872271490828,False,False
composition_gss_01,composition_family_group_shuffle,Cl,0.7375061435294059,0.38696234894583065,0.027698924731182795,0.13733483692853074,False,False
composition_gss_01,composition_family_group_shuffle,I,-0.8408387628258447,-0.7249408369980664,0.7897741935483871,0.2763554342811621,False,False
composition_gss_02,composition_family_group_shuffle,FA,-0.3144250159952328,-0.21069393994592509,0.5640012315270937,0.36495147909995523,False,False
composition_gss_02,composition_family_group_shuffle,MA,0.1905159189619824,0.04926435512189299,0.3148903940886699,0.377154717810553,False,False
composition_gss_02,composition_family_group_shuffle,Cs,0.18231444972729902,0.06575184283432174,0.12110837438423645,0.235285228697589,False,False
composition_gss_02,composition_family_group_shuffle,Pb,0.46263439138591467,0.6481020290580191,0.8400862068965519,0.30016683419806794,False,False
composition_gss_02,composition_family_group_shuffle,Sn,-0.4626343913859148,-0.6481020290580191,0.15991379310344828,0.30016683419806794,False,False
composition_gss_02,composition_family_group_shuffle,Br,0.6559626598140306,0.7624207544118823,0.23417733990147782,0.25832810619097385,False,False
composition_gss_02,composition_family_group_shuffle,Cl,0.6655662338093632,0.3478580677376476,0.022571428571428576,0.1233807059027677,False,False
composition_gss_02,composition_family_group_shuffle,I,-0.8640985043824116,-0.8042184049531825,0.7432512315270936,0.2911376678912337,False,False
composition_gss_03,composition_family_group_shuffle,FA,-0.24312890904758688,-0.209414358735659,0.48560744680851065,0.3789508672011837,False,False
composition_gss_03,composition_family_group_shuffle,MA,0.1725888457280443,0.11195918157603182,0.40162659574468085,0.4006369614470339,False,False
composition_gss_03,composition_family_group_shuffle,Cs,0.10134417215592913,0.0195863181232775,0.1127659574468085,0.22683534439213665,False,False
composition_gss_03,composition_family_group_shuffle,Pb,0.37456698903310603,0.5994480212621961,0.8650531914893618,0.2837137723610176,False,False
composition_gss_03,composition_family_group_shuffle,Sn,-0.37456698903310603,-0.5994480212621961,0.1349468085106383,0.28371377236101764,False,False
composition_gss_03,composition_family_group_shuffle,Br,0.5796538826084936,0.6858283005938917,0.17538510638297872,0.21945625427155463,False,False
composition_gss_03,composition_family_group_shuffle,Cl,0.7477207358148897,0.386028961941298,0.027404255319148935,0.13663043075654605,False,False
composition_gss_03,composition_family_group_shuffle,I,-0.8473117791135777,-0.7359249148962811,0.7972106382978723,0.2707032779730394,False,False
composition_gss_04,composition_family_group_shuffle,FA,-0.18321239819387974,-0.04604522538795627,0.5638143274853801,0.3661872786556807,False,False
composition_gss_04,composition_family_group_shuffle,MA,0.0869192030307784,-0.08817915293591012,0.30646345029239763,0.3726083392339105,False,False
composition_gss_04,composition_family_group_shuffle,Cs,0.13831668433326452,0.04582266157889249,0.12972222222222224,0.2508969166593765,False,False
composition_gss_04,composition_family_group_shuffle,Pb,0.2928582701396001,0.4565063100145827,0.8834736842105264,0.2729300838745108,False,False
composition_gss_04,composition_family_group_shuffle,Sn,-0.2928582701396002,-0.4565063100145827,0.11652631578947367,0.2729300838745108,False,False
composition_gss_04,composition_family_group_shuffle,Br,0.6083744141397356,0.7485079578557919,0.2637192982456141,0.2788560053299857,False,False
composition_gss_04,composition_family_group_shuffle,Cl,0.7188077306915157,0.449843142377423,0.038345029239766085,0.15915577575954878,False,False
composition_gss_04,composition_family_group_shuffle,I,-0.8738806896299525,-0.8319415665319114,0.6979356725146199,0.3250458148839842,False,False
composition_gss_05,composition_family_group_shuffle,FA,-0.12116215848388788,-0.0880085867881368,0.33487730061349696,0.374869893704775,False,False
composition_gss_05,composition_family_group_shuffle,MA,0.009512641673380812,-0.03187223339320177,0.5227300613496932,0.4256271110704182,False,False
composition_gss_05,composition_family_group_shuffle,Cs,0.14506967523012562,0.04651344136338458,0.14239263803680982,0.28518163573592775,False,False
composition_gss_05,composition_family_group_shuffle,Pb,0.4869826915845498,0.6830532542007233,0.8044693251533742,0.3260413527016829,False,False
composition_gss_05,composition_family_group_shuffle,Sn,-0.4869826915845498,-0.6830532542007233,0.19553067484662576,0.3260413527016829,False,False
composition_gss_05,composition_family_group_shuffle,Br,0.6306534418817644,0.7691237516614725,0.25384662576687117,0.29484810343000656,False,False
composition_gss_05,composition_family_group_shuffle,Cl,0.6856139984900351,0.45004273615074375,0.03950920245398773,0.16266361204733235,False,False
composition_gss_05,composition_family_group_shuffle,I,-0.8715835396420637,-0.8485913681248287,0.7066441717791411,0.34129995255212264,False,False
composition_gss_06,composition_family_group_shuffle,FA,-0.16212249317111724,-0.10701583774148242,0.49931454918032786,0.3791430748202987,False,False
composition_gss_06,composition_family_group_shuffle,MA,0.10706183312571911,0.057908294184084844,0.4093534836065574,0.40305437487376655,False,False
composition_gss_06,composition_family_group_shuffle,Cs,0.0968366441932893,0.005340371603017658,0.09133196721311475,0.1891420390254837,False,False
composition_gss_06,composition_family_group_shuffle,Pb,0.38402673423638495,0.6026184686457711,0.8560450819672131,0.29234148904673635,False,False
composition_gss_06,composition_family_group_shuffle,Sn,-0.38402673423638506,-0.6026184686457711,0.14395491803278687,0.2923414890467364,False,False
composition_gss_06,composition_family_group_shuffle,Br,0.6191255935465187,0.7130158723315005,0.20073975409836067,0.24520490508964446,False,False
composition_gss_06,composition_family_group_shuffle,Cl,0.7088570370724526,0.3878072548216727,0.026872950819672132,0.13433359837686337,False,False
composition_gss_06,composition_family_group_shuffle,I,-0.8556319562267033,-0.7635119470100599,0.7723872950819671,0.2887175346024535,False,False
composition_gss_07,composition_family_group_shuffle,FA,-0.17396956832236174,-0.1580019689552191,0.30009708737864077,0.3636332223732686,False,False
composition_gss_07,composition_family_group_shuffle,MA,0.13180570097071498,0.0787236179683927,0.5754045307443366,0.4220885625727501,False,False
composition_gss_07,composition_family_group_shuffle,Cs,0.02866756744859069,-0.003173973807548929,0.12449838187702267,0.26606498357428804,False,False
composition_gss_07,composition_family_group_shuffle,Pb,0.5198886646114869,0.7119298664997061,0.7776925566343043,0.3390145659863451,False,False
composition_gss_07,composition_family_group_shuffle,Sn,-0.5198886646114869,-0.7119298664997061,0.22230744336569577,0.3390145659863451,False,False
composition_gss_07,composition_family_group_shuffle,Br,0.6181990761790326,0.7210883311265083,0.22680582524271845,0.268979869071937,False,False
composition_gss_07,composition_family_group_shuffle,Cl,0.6974941949907425,0.416454362780321,0.029495145631067962,0.13880238267910805,False,False
composition_gss_07,composition_family_group_shuffle,I,-0.8465376618839934,-0.774722457145231,0.7436990291262136,0.310791798861093,False,False
composition_gss_08,composition_family_group_shuffle,FA,-0.15406659620098234,-0.12132366377973047,0.5081026970954358,0.3748634586249414,False,False
composition_gss_08,composition_family_group_shuffle,MA,0.14578917061211172,0.06825176121970838,0.38951141078838175,0.3952961380684235,False,False
composition_gss_08,composition_family_group_shuffle,Cs,0.0006037268553324395,0.005648497020003086,0.10238589211618256,0.2054588001355809,False,False
composition_gss_08,composition_family_group_shuffle,Pb,0.3779064440941658,0.6156426402668379,0.8639004149377593,0.2921457900079515,False,False
composition_gss_08,composition_family_group_shuffle,Sn,-0.37790644409416585,-0.6156426402668379,0.13609958506224065,0.2921457900079515,False,False
composition_gss_08,composition_family_group_shuffle,Br,0.6508493745792588,0.737234302259243,0.18582572614107884,0.23388167735876486,False,False
composition_gss_08,composition_family_group_shuffle,Cl,0.6895093640316197,0.3606272469734307,0.023058091286307057,0.12490587203116957,False,False
composition_gss_08,composition_family_group_shuffle,I,-0.8683817515274411,-0.7758234003875378,0.7911161825726141,0.2744708895635918,False,False
composition_gss_09,composition_family_group_shuffle,FA,-0.17869976870846438,-0.12185763262146873,0.4942561224489796,0.3786545322840989,False,False
composition_gss_09,composition_family_group_shuffle,MA,0.07981042808430679,0.03177508322188173,0.4074377551020408,0.4017765121924767,False,False
composition_gss_09,composition_family_group_shuffle,Cs,0.1762158814061859,0.04091548882183141,0.0983061224489796,0.2020222106157411,False,False
composition_gss_09,composition_family_group_shuffle,Pb,0.4025036781448451,0.6168210102689473,0.8627551020408163,0.28551915407920375,False,False
composition_gss_09,composition_family_group_shuffle,Sn,-0.4025036781448451,-0.6168210102689473,0.13724489795918368,0.28551915407920375,False,False
composition_gss_09,composition_family_group_shuffle,Br,0.6319845588836532,0.7086116115693545,0.2071,0.2542084876921381,False,False
composition_gss_09,composition_family_group_shuffle,Cl,0.6916587851788478,0.37538651596106637,0.026285714285714284,0.13391722865591024,False,False
composition_gss_09,composition_family_group_shuffle,I,-0.8583447117242918,-0.7592700652107485,0.7666142857142857,0.2950805931296021,False,False
composition_gss_10,composition_family_group_shuffle,FA,-0.29468996330800723,-0.2333079212699743,0.5227243303571428,0.3723297223676714,False,False
composition_gss_10,composition_family_group_shuffle,MA,0.15677436869498662,0.08103719114296426,0.3489832589285714,0.38438890350458094,False,False
composition_gss_10,composition_family_group_shuffle,Cs,0.2019152528511735,0.11182601268916023,0.1282924107142857,0.24495179955115193,False,False
composition_gss_10,composition_family_group_shuffle,Pb,0.3276211992683783,0.5215093191442339,0.8710267857142858,0.2889011724173115,False,False
composition_gss_10,composition_family_group_shuffle,Sn,-0.3276211992683782,-0.5215093191442339,0.1289732142857143,0.2889011724173115,False,False
composition_gss_10,composition_family_group_shuffle,Br,0.5623013286316872,0.6572645745363185,0.18146651785714285,0.22008102787767833,False,False
composition_gss_10,composition_family_group_shuffle,Cl,0.7376020649388875,0.3598729623942473,0.024919642857142855,0.13083516883087729,False,False
composition_gss_10,composition_family_group_shuffle,I,-0.8288815066542166,-0.7019252317833665,0.7936138392857143,0.2657269384228318,False,False
composition_gss_11,composition_family_group_shuffle,FA,-0.2389748939692885,-0.12437464477076499,0.5622839673913044,0.3735409219469241,False,False
composition_gss_11,composition_family_group_shuffle,MA,0.19130442499651537,0.11520280262959304,0.33885733695652176,0.38631030524064874,False,False
composition_gss_11,composition_family_group_shuffle,Cs,0.07176457377658016,-0.08714788076002056,0.09885869565217392,0.21408935624696418,False,False
composition_gss_11,composition_family_group_shuffle,Pb,0.4074622503107394,0.6370348087502345,0.8050951086956522,0.32887141533344216,False,False
composition_gss_11,composition_family_group_shuffle,Sn,-0.4074622503107394,-0.6370348087502345,0.19490489130434782,0.32887141533344216,False,False
composition_gss_11,composition_family_group_shuffle,Br,0.6229341377017871,0.7220755374298706,0.22781793478260867,0.26789616721355375,False,False
composition_gss_11,composition_family_group_shuffle,Cl,0.7155843970284979,0.4391619812227386,0.035635869565217394,0.15372973565774398,False,False
composition_gss_11,composition_family_group_shuffle,I,-0.8740743165615983,-0.791260536600487,0.7365461956521738,0.31677886292552204,False,False
composition_gss_12,composition_family_group_shuffle,FA,-0.16693575080453946,-0.13368243802599863,0.43342708333333335,0.38250363707269486,False,False
composition_gss_12,composition_family_group_shuffle,MA,0.05021770860717222,-0.03151361556800602,0.44116782407407407,0.41197186561394616,False,False
composition_gss_12,composition_family_group_shuffle,Cs,0.17036117448073404,0.08057760129825649,0.12540509259259258,0.2533749187278856,False,False
composition_gss_12,composition_family_group_shuffle,Pb,0.2228678405175459,0.3955969858512074,0.9178194444444444,0.22808903457922364,False,False
composition_gss_12,composition_family_group_shuffle,Sn,-0.2228678405175459,-0.3955969858512074,0.08218055555555556,0.22808903457922364,False,False
composition_gss_12,composition_family_group_shuffle,Br,0.5750652607755427,0.6880978610718209,0.20230555555555552,0.23851769460968306,False,False
composition_gss_12,composition_family_group_shuffle,Cl,0.7555409308958483,0.4110721310319997,0.030356481481481484,0.1424225527470238,False,False
composition_gss_12,composition_family_group_shuffle,I,-0.8499120157746083,-0.7481134179637666,0.767337962962963,0.28799370263081375,False,False
composition_gss_13,composition_family_group_shuffle,FA,-0.37760564198849356,-0.29040708444090485,0.6086863517060367,0.3444383233653125,False,False
composition_gss_13,composition_family_group_shuffle,MA,0.3540397170998391,0.18071324302699784,0.2551062992125985,0.33709648956345567,False,False
composition_gss_13,composition_family_group_shuffle,Cs,0.04233926464970203,-0.034498200776541,0.1362073490813648,0.2531056811701107,False,False
composition_gss_13,composition_family_group_shuffle,Pb,0.3705539819004216,0.5906169676167318,0.8568110236220472,0.3069078826040083,False,False
composition_gss_13,composition_family_group_shuffle,Sn,-0.3705539819004216,-0.5906169676167318,0.14318897637795275,0.3069078826040083,False,False
composition_gss_13,composition_family_group_shuffle,Br,0.6482605901753015,0.7493941370831555,0.24009973753280842,0.2586007602157067,False,False
composition_gss_13,composition_family_group_shuffle,Cl,0.6830976596869373,0.39737489317914343,0.02917060367454068,0.13989070838149587,False,False
composition_gss_13,composition_family_group_shuffle,I,-0.8790988097194712,-0.8074470671134685,0.730729658792651,0.2993971713242938,False,False
composition_gss_14,composition_family_group_shuffle,FA,-0.13702285612356005,-0.10492186533745794,0.5026222466960352,0.37442339766382127,False,False
composition_gss_14,composition_family_group_shuffle,MA,-0.06077251051458172,-0.06929609646701193,0.37050550660792947,0.3892383765336094,False,False
composition_gss_14,composition_family_group_shuffle,Cs,0.30283018961932046,0.15950703515118056,0.12687224669603525,0.2475299994765429,False,False
composition_gss_14,composition_family_group_shuffle,Pb,0.42898777569982033,0.6164143150396721,0.8472466960352423,0.2977106851139245,False,False
composition_gss_14,composition_family_group_shuffle,Sn,-0.4289877756998203,-0.6164143150396721,0.1527533039647577,0.2977106851139245,False,False
composition_gss_14,composition_family_group_shuffle,Br,0.6717796166723767,0.6453571264021457,0.1710044052863436,0.22701722659878387,False,False
composition_gss_14,composition_family_group_shuffle,Cl,0.5536116384173774,0.283316627443726,0.013105726872246697,0.0947929185457655,False,False
composition_gss_14,composition_family_group_shuffle,I,-0.8103717899238871,-0.6766090147368065,0.8158898678414097,0.2529505727590741,False,False
composition_gss_15,composition_family_group_shuffle,FA,-0.2356424197260451,-0.08227504315910902,0.5833716931216931,0.3547941964330729,False,False
composition_gss_15,composition_family_group_shuffle,MA,0.12382016832318504,-0.07523389089198497,0.270212962962963,0.34757289793737867,False,False
composition_gss_15,composition_family_group_shuffle,Cs,0.1509107553119819,0.08572124147472715,0.14641534391534392,0.2688213185415199,False,False
composition_gss_15,composition_family_group_shuffle,Pb,0.3930834369996168,0.6333246404871283,0.8587037037037037,0.2800629657073245,False,False
composition_gss_15,composition_family_group_shuffle,Sn,-0.3930834369996168,-0.6333246404871283,0.14129629629629628,0.2800629657073245,False,False
composition_gss_15,composition_family_group_shuffle,Br,0.642094479688094,0.7380873894580147,0.2303280423280423,0.26454298373992974,False,False
composition_gss_15,composition_family_group_shuffle,Cl,0.7002997925763729,0.43188303502460856,0.03469312169312169,0.15178524199444232,False,False
composition_gss_15,composition_family_group_shuffle,I,-0.8836686444014937,-0.8060558699971542,0.734978835978836,0.3125116690900907,False,False
composition_gss_16,composition_family_group_shuffle,FA,-0.22973044622233216,-0.15249999297341074,0.48532956878850103,0.3779272821115419,False,False
composition_gss_16,composition_family_group_shuffle,MA,0.11592116433859002,0.05566416422443666,0.40959856262833677,0.40201614648539524,False,False
composition_gss_16,composition_family_group_shuffle,Cs,0.1876893055805978,0.057839381982776786,0.10507186858316223,0.21428617496965766,False,False
composition_gss_16,composition_family_group_shuffle,Pb,0.4145222489527179,0.6286797599183227,0.8617043121149897,0.2848339543042179,False,False
composition_gss_16,composition_family_group_shuffle,Sn,-0.41452224895271783,-0.6286797599183227,0.1382956878850103,0.2848339543042178,False,False
composition_gss_16,composition_family_group_shuffle,Br,0.6365214603819892,0.7120651307414075,0.20005749486652977,0.24675434040046507,False,False
composition_gss_16,composition_family_group_shuffle,Cl,0.6686027580420275,0.3297150354527106,0.022443531827515403,0.12548008381577577,False,False
composition_gss_16,composition_family_group_shuffle,I,-0.8513190835837771,-0.7528829342496166,0.7774989733059549,0.283044005323485,False,False
composition_gss_17,composition_family_group_shuffle,FA,-0.38429809290442996,-0.2715133555251263,0.6042270029673591,0.3507188594951438,False,False
composition_gss_17,composition_family_group_shuffle,MA,0.31593465736524107,0.09668154941598583,0.24118842729970325,0.3334629797796619,False,False
composition_gss_17,composition_family_group_shuffle,Cs,0.10448776950573929,0.0013440385758304958,0.1545845697329377,0.2816413512138784,False,False
composition_gss_17,composition_family_group_shuffle,Pb,0.26940957648106256,0.3904006113233004,0.8783471810089022,0.3064089936155885,False,False
composition_gss_17,composition_family_group_shuffle,Sn,-0.26940957648106256,-0.3904006113233004,0.12165281899109792,0.30640899361558843,False,False
composition_gss_17,composition_family_group_shuffle,Br,0.5889167682562397,0.7141797852405664,0.26949554896142436,0.2777107321011864,False,False
composition_gss_17,composition_family_group_shuffle,Cl,0.7338402549545606,0.45262188283036175,0.038913946587537086,0.16026633807630972,False,False
composition_gss_17,composition_family_group_shuffle,I,-0.8678416336856506,-0.8019997164233994,0.6915905044510385,0.32397431321611275,False,False
composition_gss_18,composition_family_group_shuffle,FA,-0.19066682700204163,-0.133837722210547,0.3673333333333333,0.4030058666103221,False,False
composition_gss_18,composition_family_group_shuffle,MA,0.07412541983315417,-0.00020213219129439365,0.44379487179487176,0.44103551879587355,False,False
composition_gss_18,composition_family_group_shuffle,Cs,0.12560890725800505,-0.012511803096133499,0.18887179487179487,0.35147114819683717,False,False
composition_gss_18,composition_family_group_shuffle,Pb,0.6235592056720085,0.6999631514255447,0.6401641025641025,0.37554142871874086,False,False
composition_gss_18,composition_family_group_shuffle,Sn,-0.6235592056720085,-0.6999631514255447,0.35983589743589744,0.3755414287187408,False,False
composition_gss_18,composition_family_group_shuffle,Br,0.6238801227442283,0.7405955022012238,0.3347230769230769,0.3435984458499248,False,False
composition_gss_18,composition_family_group_shuffle,Cl,0.6895307352682222,0.5587683969069738,0.06725128205128206,0.2063257944103682,False,False
composition_gss_18,composition_family_group_shuffle,I,-0.9042821094493443,-0.8902519441688647,0.598025641025641,0.39438159128607203,False,False
composition_gss_19,composition_family_group_shuffle,FA,-0.2517948925454361,-0.16109900213627268,0.5782174447174447,0.36078085643477414,False,False
composition_gss_19,composition_family_group_shuffle,MA,0.196280260078277,0.07813471719334446,0.299497542997543,0.3673185956807312,False,False
composition_gss_19,composition_family_group_shuffle,Cs,0.07964714168698935,-0.012765460672168672,0.12228501228501229,0.23535543259432615,False,False
composition_gss_19,composition_family_group_shuffle,Pb,0.40847130854553065,0.6251166880510589,0.835933660933661,0.3101720689182976,False,False
composition_gss_19,composition_family_group_shuffle,Sn,-0.40847130854553076,-0.6251166880510589,0.16406633906633908,0.3101720689182976,False,False
composition_gss_19,composition_family_group_shuffle,Br,0.6319642364808647,0.7655376941123144,0.2265995085995086,0.25552434123831563,False,False
composition_gss_19,composition_family_group_shuffle,Cl,0.7073929128993598,0.42032458531749595,0.03222113022113022,0.14653661841886387,False,False
composition_gss_19,composition_family_group_shuffle,I,-0.8774087407565315,-0.8284722355154664,0.7411793611793611,0.30218665286383684,False,False
halide_logo_Br_rich,halide_logo,FA,-0.17422809420419383,-0.11365430891629066,0.502261692650334,0.37780328699364163,False,False
halide_logo_Br_rich,halide_logo,MA,0.07649604196451885,-0.005306303356135873,0.3819253897550111,0.39547647926085855,False,False
halide_logo_Br_rich,halide_logo,Cs,0.15669820841988866,0.1314612063334204,0.11581291759465479,0.22700681572660922,False,False
halide_logo_Br_rich,halide_logo,Pb,0.37138121580750544,0.6493847342721655,0.8495545657015591,0.30057976312876644,False,False
halide_logo_Br_rich,halide_logo,Sn,-0.37138121580750544,-0.6493847342721655,0.15044543429844098,0.30057976312876644,False,False
halide_logo_Br_rich,halide_logo,Br,0.5254338217564043,0.621256227285419,0.1379532293986637,0.16152389541417986,False,False
halide_logo_Br_rich,halide_logo,Cl,0.8128804672480577,0.4117936761092681,0.02920712694877506,0.13981457536611663,False,False
halide_logo_Br_rich,halide_logo,I,-0.8468708611573358,-0.6718040496120022,0.8328396436525611,0.2344190408828689,False,False
halide_logo_Cl_containing,halide_logo,FA,-0.09505941256505494,-0.09971995345357658,0.49807395833333334,0.37472980140289813,False,False
halide_logo_Cl_containing,halide_logo,MA,0.014012602926832193,0.007746154647980856,0.3907802083333333,0.3955913613586435,False,False
halide_logo_Cl_containing,halide_logo,Cs,0.13600549888197547,0.08972619579731202,0.11114583333333333,0.22115525012762377,False,False
halide_logo_Cl_containing,halide_logo,Pb,0.5599475858035986,0.6478616590632769,0.8596874999999999,0.28641303782458677,False,False
halide_logo_Cl_containing,halide_logo,Sn,-0.5599475858035985,-0.6478616590632769,0.14031249999999998,0.2864130378245867,False,False
halide_logo_Cl_containing,halide_logo,Br,0.7997568774646223,0.7095372273715649,0.19051666666666664,0.23897761474235849,False,False
halide_logo_Cl_containing,halide_logo,Cl,,,0.0,0.0,False,False
halide_logo_Cl_containing,halide_logo,I,-0.7997568774646222,-0.7095372273715649,0.8094833333333332,0.23897761474235849,False,False
halide_logo_I_rich,halide_logo,FA,-0.12126033897636362,-0.09402220737896937,0.3607124183006536,0.396519092146742,False,False
halide_logo_I_rich,halide_logo,MA,0.015339526014091186,-0.03552228164921305,0.4800718954248366,0.45381830506004045,False,False
halide_logo_I_rich,halide_logo,Cs,0.13218976236468674,-0.05352072856584032,0.1592156862745098,0.31107312013112204,False,False
halide_logo_I_rich,halide_logo,Pb,0.27641001647025876,0.3571981550956475,0.8839869281045751,0.2890919082349915,False,False
halide_logo_I_rich,halide_logo,Sn,-0.27641001647025876,-0.3571981550956475,0.11601307189542484,0.2890919082349915,False,False
halide_logo_I_rich,halide_logo,Br,0.2336810602602567,0.5036401797174073,0.5089542483660131,0.2581889694499911,False,False
halide_logo_I_rich,halide_logo,Cl,0.7739741559611513,0.6043770676578163,0.0857124183006536,0.22965284651090379,False,False
halide_logo_I_rich,halide_logo,I,-0.8271969659229179,-0.8625623586281924,0.4053333333333333,0.2878144504619892,False,False
halide_logo_mixed_halide,halide_logo,FA,-0.2080797748770573,-0.16752525997906995,0.4896047835990888,0.3807372749770813,False,False
halide_logo_mixed_halide,halide_logo,MA,0.10382700155510745,0.07000374109762968,0.39344760820045566,0.3955262167245205,False,False
halide_logo_mixed_halide,halide_logo,Cs,0.15656855338543385,0.005618457890363398,0.11694760820045559,0.24371065913637494,False,False
halide_logo_mixed_halide,halide_logo,Pb,0.37528366423760146,0.6053397319930917,0.8533029612756264,0.2931438420204295,False,False
halide_logo_mixed_halide,halide_logo,Sn,-0.37528366423760146,-0.6053397319930917,0.1466970387243736,0.2931438420204295,False,False
halide_logo_mixed_halide,halide_logo,Br,0.641335005472085,0.6672776753688282,0.18848519362186789,0.26533646966044605,False,False
halide_logo_mixed_halide,halide_logo,Cl,0.7021620658378706,0.40454624183525123,0.029872437357630982,0.14133117020797722,False,False
halide_logo_mixed_halide,halide_logo,I,-0.8655541596271251,-0.7183289937638553,0.7816423690205011,0.31125372071252194,False,False
a_site_logo_Cs_rich,a_site_logo,FA,-0.13693414635427834,-0.09883904795180037,0.5140747368421053,0.37395289843308116,False,False
a_site_logo_Cs_rich,a_site_logo,MA,0.14785980592636294,0.08178464871126383,0.42451473684210533,0.40220426380703794,False,False
a_site_logo_Cs_rich,a_site_logo,Cs,-0.09107543503039232,-0.015652417173699418,0.06141052631578948,0.09072614874543118,False,False
a_site_logo_Cs_rich,a_site_logo,Pb,0.4345616692917689,0.6245399852161219,0.8689473684210526,0.2760310693246535,False,False
a_site_logo_Cs_rich,a_site_logo,Sn,-0.43456166929176887,-0.6245399852161219,0.13105263157894737,0.2760310693246535,False,False
a_site_logo_Cs_rich,a_site_logo,Br,0.6457016186939337,0.7180261634858447,0.19753263157894738,0.2430198557818715,False,False
a_site_logo_Cs_rich,a_site_logo,Cl,0.6872169375851841,0.342087504697037,0.019187368421052634,0.11277011009306481,False,False
a_site_logo_Cs_rich,a_site_logo,I,-0.8495650790764386,-0.7496085604319253,0.78328,0.2759245286038051,False,False
a_site_logo_FA_rich,a_site_logo,FA,-0.08086881009538967,-0.05746882198217664,0.07735874439461882,0.14546655757042345,False,False
a_site_logo_FA_rich,a_site_logo,MA,-0.12380858634301917,-0.08867039936734665,0.7583587443946187,0.34594657518886185,False,False
a_site_logo_FA_rich,a_site_logo,Cs,0.16003513504003575,0.07114906090749759,0.16428251121076234,0.3411429860703819,False,False
a_site_logo_FA_rich,a_site_logo,Pb,0.3586835745724229,0.53622332673147,0.8308520179372196,0.3122977768510205,False,False
a_site_logo_FA_rich,a_site_logo,Sn,-0.3586835745724229,-0.53622332673147,0.16914798206278026,0.3122977768510205,False,False
a_site_logo_FA_rich,a_site_logo,Br,0.5413733225555345,0.673420762854867,0.24528699551569505,0.29547942133713,False,False
a_site_logo_FA_rich,a_site_logo,Cl,0.7387024788877443,0.4835928725645136,0.050062780269058284,0.18221580514457994,False,False
a_site_logo_FA_rich,a_site_logo,I,-0.8355913827881348,-0.7742534554130452,0.7046502242152466,0.35252630543652236,False,False
a_site_logo_MA_rich,a_site_logo,FA,-0.2551703286526568,-0.12446795485044149,0.7197940251572327,0.2610116043363935,False,False
a_site_logo_MA_rich,a_site_logo,MA,-0.1973844584934181,-0.11737216174243038,0.1056933962264151,0.11672972714418042,False,False
a_site_logo_MA_rich,a_site_logo,Cs,0.31493893002025636,0.21172681928311624,0.17451257861635222,0.28463629706669674,False,False
a_site_logo_MA_rich,a_site_logo,Pb,0.37728742958190864,0.604945735050269,0.8593396226415094,0.3018865044676027,False,False
a_site_logo_MA_rich,a_site_logo,Sn,-0.37728742958190864,-0.604945735050269,0.14066037735849057,0.3018865044676027,False,False
a_site_logo_MA_rich,a_site_logo,Br,0.7056891590486631,0.7180036141567775,0.19143396226415096,0.22812027178943486,False,False
a_site_logo_MA_rich,a_site_logo,Cl,0.6044225898078442,0.33532618495403993,0.01871069182389937,0.112851922514828,False,False
a_site_logo_MA_rich,a_site_logo,I,-0.872810838263948,-0.7636878044456479,0.7898553459119496,0.26259098075376425,False,False
a_site_logo_mixed_A,a_site_logo,FA,-0.1834317520096834,-0.13935451647777597,0.4839316831683168,0.3821935316317759,False,False
a_site_logo_mixed_A,a_site_logo,MA,0.07997705057271205,0.020264842871337698,0.3977514851485149,0.40337039519161044,False,False
a_site_logo_mixed_A,a_site_logo,Cs,0.15753590479565296,0.05306006382970418,0.11831683168316831,0.24023764402980116,False,False
a_site_logo_mixed_A,a_site_logo,Pb,0.3849805117377769,0.5918630351573044,0.8567326732673268,0.2933732011289663,False,False
a_site_logo_mixed_A,a_site_logo,Sn,-0.38498051173777686,-0.5918630351573044,0.14326732673267326,0.2933732011289663,False,False
a_site_logo_mixed_A,a_site_logo,Br,0.6304270274427491,0.7069437683641235,0.20713069306930693,0.2522353845808271,False,False
a_site_logo_mixed_A,a_site_logo,Cl,0.6878531825770575,0.37999454328005583,0.02596831683168317,0.1321377159569217,False,False
a_site_logo_mixed_A,a_site_logo,I,-0.853356720511692,-0.7565897930422911,0.7669009900990098,0.2928521521770534,False,False
