Model ID,k,Terms,AIC rank,BIC rank,AIC,BIC,Train RMSE,Test RMSE,Test R2,Contains Cl2,Interaction count
512,9,"Sn, Br, Cl, Sn², Br², Cl², SnBr, SnCl, BrCl",1,1,-2921.6526741852963,-2879.1529217627017,0.05845879784726909,0.06641626989854811,0.9718392684165243,Yes,3
470,7,"Sn, Br, Cl, Sn², Br², SnBr, SnCl",2,2,-2903.8911009291646,-2869.8912989910887,0.05969973463313463,0.06482586983723963,0.9731717912434056,No,2
506,8,"Sn, Br, Cl, Sn², Br², SnBr, SnCl, BrCl",3,3,-2902.3430952979083,-2864.093318117573,0.059673694036281186,0.06582677743230865,0.9723369437071603,No,3
503,8,"Sn, Br, Cl, Sn², Br², Cl², SnBr, SnCl",4,4,-2901.964233139289,-2863.7144559589533,0.05969552052170406,0.0652169231366976,0.9728471398925795,Yes,2
385,6,"Sn, Br, Cl, Sn², Br², SnCl",7,5,-2889.7485217721037,-2859.9986950762873,0.06063723937598973,0.07028567189835795,0.9684624049104901,No,1
505,8,"Sn, Br, Cl, Sn², Br², Cl², SnCl, BrCl",5,6,-2896.032308434989,-2857.7825312546533,0.06003830531851676,0.0716763215521996,0.9672020734059522,Yes,2
472,7,"Sn, Br, Cl, Sn², Br², SnCl, BrCl",8,7,-2888.411881380365,-2854.412079442289,0.060598425263897526,0.07161352000088184,0.9672595221773795,No,2
468,7,"Sn, Br, Cl, Sn², Br², Cl², SnCl",9,8,-2888.027845866313,-2854.028043928237,0.06062089269756223,0.07112991100959272,0.9677002246318761,Yes,1
504,8,"Sn, Br, Cl, Sn², Br², Cl², SnBr, BrCl",6,9,-2891.575797512919,-2853.3260203325835,0.06029712546071468,0.06858706747422168,0.969968332966976,Yes,2
509,8,"Sn, Br, Sn², Br², Cl², SnBr, SnCl, BrCl",10,10,-2887.2471411062115,-2848.997363925876,0.06054958836661439,0.06590181645015442,0.9722738389400302,Yes,3
384,6,"Sn, Br, Cl, Sn², Br², SnBr",11,11,-2877.772058859925,-2848.0222321641086,0.06134229104244936,0.06671115624633457,0.971588647580994,No,1
484,7,"Sn, Br, Sn², Br², Cl², SnCl, BrCl",12,12,-2877.021046882155,-2843.021244944079,0.06126838214107119,0.07155060946180816,0.9673170201583391,Yes,2
471,7,"Sn, Br, Cl, Sn², Br², SnBr, BrCl",13,13,-2875.8178282264707,-2841.818026288395,0.06133958106582189,0.06704791981995857,0.9713010777375455,No,2
467,7,"Sn, Br, Cl, Sn², Br², Cl², SnBr",14,14,-2875.794963063755,-2841.795161125679,0.06134093488336974,0.06648232341373955,0.9717832267179427,Yes,1
257,5,"Sn, Br, Cl, Sn², Br²",17,15,-2859.7929376027937,-2834.293086149237,0.06253674937601104,0.07147122931158521,0.9673894986664062,No,0
483,7,"Sn, Br, Sn², Br², Cl², SnBr, BrCl",15,16,-2862.771634384729,-2828.771832446653,0.062116905375140724,0.06682271166320695,0.9714935483371865,Yes,2
469,7,"Sn, Br, Cl, Sn², Br², Cl², BrCl",16,17,-2862.363708528316,-2828.36390659024,0.06214136877390701,0.07228555601480706,0.9666421521746449,Yes,1
386,6,"Sn, Br, Cl, Sn², Br², BrCl",18,18,-2857.909216895396,-2828.15939019958,0.06252973072648432,0.07208083898199642,0.9668308274798815,No,1
383,6,"Sn, Br, Cl, Sn², Br², Cl²",19,19,-2857.804528828179,-2828.0547021323628,0.06253604969116375,0.07165988189653558,0.9672171167221884,Yes,0
405,6,"Sn, Br, Sn², Br², Cl², BrCl",21,20,-2848.904394254048,-2819.1545675582315,0.06307560265170915,0.07196767368814654,0.9669348954312234,Yes,1
507,8,"Sn, Br, Cl, Sn², Cl², SnBr, SnCl, BrCl",20,21,-2854.652126235369,-2816.4023490550335,0.06248490710770998,0.07210174246700164,0.966811586531903,Yes,3
390,6,"Sn, Br, Cl, Sn², SnBr, SnCl",22,22,-2836.253270395755,-2806.5034436999385,0.06385057312300495,0.06757884752064049,0.9708447658595561,No,2
476,7,"Sn, Br, Cl, Sn², SnBr, SnCl, BrCl",23,23,-2835.8753699049344,-2801.8755679668584,0.0637506783907819,0.06878355686884167,0.9697960160332617,No,3
473,7,"Sn, Br, Cl, Sn², Cl², SnBr, SnCl",24,24,-2835.0194199584885,-2801.0196180204125,0.06380337138106204,0.06831440966051285,0.9702066313269339,Yes,2
474,7,"Sn, Br, Cl, Sn², Cl², SnBr, BrCl",25,25,-2830.3355216173604,-2796.3357196792845,0.06409248826543437,0.07516427631619095,0.9639323428998864,Yes,2
259,5,"Sn, Br, Cl, Sn², SnBr",27,26,-2815.965594728291,-2790.465743274734,0.06523908542128966,0.07034492836633091,0.968409205041445,No,1
486,7,"Sn, Br, Sn², Cl², SnBr, SnCl, BrCl",26,27,-2821.9373917454523,-2787.9375898073763,0.0646141529223437,0.06803207325800273,0.970452388265159,Yes,3
391,6,"Sn, Br, Cl, Sn², SnBr, BrCl",28,28,-2814.6704100307643,-2784.920583334948,0.06519471682272036,0.07120729270020117,0.9676299090435668,No,2
387,6,"Sn, Br, Cl, Sn², Cl², SnBr",29,29,-2814.190084981581,-2784.4402582857647,0.06522495033233355,0.07077398096333413,0.9680226683565885,Yes,1
260,5,"Sn, Br, Cl, Sn², SnCl",34,30,-2799.1000597029183,-2773.6002082493615,0.06630983538934752,0.06796759257991568,0.9705083720696506,No,1
410,6,"Sn, Br, Sn², Cl², SnBr, BrCl",31,31,-2802.435358340771,-2772.6855316449546,0.06596922403520808,0.07022051939647976,0.9685208464341624,Yes,2
392,6,"Sn, Br, Cl, Sn², SnCl, BrCl",32,32,-2799.7151910977295,-2769.965364401913,0.06614266333152818,0.0703797287901189,0.9683779406698982,No,2
388,6,"Sn, Br, Cl, Sn², Cl², SnCl",35,33,-2799.0671971194315,-2769.317370423615,0.06618404697469948,0.07001638435259593,0.9687036037842452,Yes,1
475,7,"Sn, Br, Cl, Sn², Cl², SnCl, BrCl",30,34,-2802.9242746897767,-2768.9244727517007,0.06581092788808329,0.0703812322851033,0.9683765895957681,Yes,2
490,7,"Sn, Cl, Sn², Br², Cl², SnCl, BrCl",33,35,-2799.3738863699673,-2765.3740844318913,0.06603684987264585,0.08012550719830377,0.9590139038467985,Yes,2
294,5,"Sn, Cl, Sn², Br², SnCl",39,36,-2789.462884247017,-2763.96303279346,0.0669295468007947,0.08248832886395807,0.9565609836977593,No,1
411,6,"Sn, Br, Sn², Cl², SnCl, BrCl",37,37,-2791.537619111355,-2761.7877924155387,0.06666682041398259,0.07035180685261821,0.9684030267005507,Yes,2
510,8,"Sn, Cl, Sn², Br², Cl², SnBr, SnCl, BrCl",36,38,-2798.163639598509,-2759.9138624181733,0.0659865284999318,0.0784636905503881,0.9606963906978936,Yes,3
419,6,"Sn, Cl, Sn², Br², Cl², SnCl",38,39,-2789.6428870793757,-2759.8930603835593,0.06678885838646838,0.0795394697527932,0.959611255404532,Yes,1
423,6,"Sn, Cl, Sn², Br², SnCl, BrCl",40,40,-2788.818277873291,-2759.068451177475,0.06684204046349122,0.0801193734808659,0.9590201786903303,No,2
421,6,"Sn, Cl, Sn², Br², SnBr, SnCl",42,41,-2787.606609064237,-2757.8567823684207,0.06692026227409906,0.08321975931338989,0.955787214006861,No,2
488,7,"Sn, Cl, Sn², Br², Cl², SnBr, SnCl",41,42,-2787.6747932894536,-2753.6749913513777,0.06678680148827101,0.07992614891049475,0.9592176031008625,Yes,2
131,4,"Sn, Br, Cl, Sn²",47,43,-2774.402512317909,-2753.1526361066117,0.06804083681498091,0.06894599042602839,0.9696531931334773,No,0
491,7,"Sn, Cl, Sn², Br², SnBr, SnCl, BrCl",43,44,-2786.882175527779,-2752.882373589703,0.06683791795586945,0.0806585868794316,0.9584667238865278,No,3
261,5,"Sn, Br, Cl, Sn², BrCl",48,45,-2773.75296267285,-2748.2531112192933,0.06795220176613118,0.07086883041193723,0.9679369005467705,No,1
435,6,"Sn, Sn², Br², Cl², SnCl, BrCl",44,46,-2777.6970792987495,-2747.947252602933,0.06756343798354206,0.0800737112660919,0.959066876413701,Yes,2
258,5,"Sn, Br, Cl, Sn², Cl²",49,47,-2773.3901709561173,-2747.8903195025605,0.06797600177858891,0.07055761855825787,0.9682178846424835,Yes,0
389,6,"Sn, Br, Cl, Sn², Cl², BrCl",46,48,-2774.966083394176,-2745.2162566983598,0.06774177667713473,0.0709893388852502,0.9678277648295908,Yes,1
152,4,"Sn, Cl, Sn², Br²",55,49,-2764.9388246799517,-2743.6889484686544,0.0686652260431618,0.08396687889898838,0.9549897948626466,No,0
420,6,"Sn, Cl, Sn², Br², Cl², BrCl",50,50,-2772.4974189618906,-2742.747592266074,0.0679033897269727,0.08078974514425441,0.9583315402278273,Yes,1
494,7,"Sn, Sn², Br², Cl², SnBr, SnCl, BrCl",45,51,-2776.1185714356284,-2742.1187694975524,0.06753595568077124,0.08154664173772733,0.9575471225046505,Yes,3
278,5,"Sn, Br, Sn², Cl², BrCl",52,52,-2767.424616146135,-2741.9247646925783,0.06836855422765156,0.070783209401468,0.9680143285666744,Yes,1
292,5,"Sn, Cl, Sn², Br², Cl²",53,53,-2766.176430658099,-2740.676579204542,0.06845097513999651,0.08009839686484999,0.9590416343110463,Yes,0
295,5,"Sn, Cl, Sn², Br², BrCl",54,54,-2765.2899256688015,-2739.7900742152447,0.06850957369331172,0.08060932891129997,0.9585174369023279,No,1
489,7,"Sn, Cl, Sn², Br², Cl², SnBr, BrCl",51,55,-2772.2062525498973,-2738.2064506118213,0.06779147858020122,0.0787204880373555,0.9604387024749449,Yes,2
293,5,"Sn, Cl, Sn², Br², SnBr",58,56,-2762.9533911275994,-2737.4535396740425,0.06866426059780582,0.08376294233928765,0.9552081685684423,No,1
418,6,"Sn, Cl, Sn², Br², Cl², SnBr",56,57,-2764.304197022441,-2734.5543703266244,0.0684425338340499,0.07941972552658726,0.9597327718923656,Yes,1
422,6,"Sn, Cl, Sn², Br², SnBr, BrCl",57,58,-2763.367545825051,-2733.6177191292345,0.06850444094754923,0.08008860327695862,0.9590516496134001,No,2
314,5,"Sn, Sn², Br², Cl², BrCl",59,59,-2756.1389501798594,-2730.6390987263026,0.06911739843273976,0.08052405713259919,0.9586051543177578,Yes,1
434,6,"Sn, Sn², Br², Cl², SnBr, BrCl",60,60,-2754.151664172904,-2724.4018374770876,0.06911655021581814,0.08075007285344134,0.9583724532762005,Yes,2
404,6,"Sn, Br, Sn², Br², Cl², SnCl",62,61,-2625.874686652223,-2596.1248599564065,0.0782269087128594,0.12618980203426694,0.8983415486680099,Yes,1
482,7,"Sn, Br, Sn², Br², Cl², SnBr, SnCl",61,62,-2629.138902822447,-2595.139100884371,0.07783042330595889,0.121472553448163,0.9057999153887693,Yes,2
403,6,"Sn, Br, Sn², Br², Cl², SnBr",63,63,-2618.25006606574,-2588.5002393699237,0.07880475691080893,0.12225518508886168,0.9045821676495321,Yes,1
272,5,"Sn, Br, Sn², Br², Cl²",64,64,-2613.0839387349206,-2587.5840872813637,0.07935174780464857,0.12722210816513949,0.8966714947197896,Yes,0
409,6,"Sn, Br, Sn², Cl², SnBr, SnCl",65,65,-2602.7822877722806,-2573.032461076464,0.07999016181974036,0.11638556266457238,0.9135244779867201,Yes,2
276,5,"Sn, Br, Sn², Cl², SnBr",66,66,-2593.368944072373,-2567.869092618816,0.08087626473801791,0.11785806162821257,0.9113224757891092,Yes,1
277,5,"Sn, Br, Sn², Cl², SnCl",67,67,-2589.717463809897,-2564.21761235634,0.0811618237483238,0.12074417505187601,0.906926220776179,Yes,1
138,4,"Sn, Br, Sn², Cl²",68,68,-2577.5248376743702,-2556.274961463073,0.08228134668953709,0.1217825108367069,0.905318567739694,Yes,0
478,7,"Sn, Br, Cl, Br², Cl², SnBr, BrCl",70,69,-2560.299628489106,-2526.29982655103,0.08317772435048036,0.0935405709899714,0.9441407623237035,Yes,2
508,8,"Sn, Br, Cl, Br², Cl², SnBr, SnCl, BrCl",69,70,-2561.7839937404283,-2523.534216560093,0.08289844371168173,0.09269236799752349,0.9451492051215,Yes,3
395,6,"Sn, Br, Cl, Br², Cl², BrCl",72,71,-2552.8728413515173,-2523.123014655701,0.08393803022710981,0.0888018500939723,0.9496570107725618,Yes,1
132,4,"Sn, Br, Cl, Br²",76,72,-2543.762631370953,-2522.5127551596556,0.08500698537784551,0.08814609019166766,0.9503977841064806,No,0
479,7,"Sn, Br, Cl, Br², Cl², SnCl, BrCl",71,73,-2555.430206297616,-2521.4304043595403,0.08356959771709496,0.08857117612042296,0.94991821556675,Yes,2
264,5,"Sn, Br, Cl, Br², SnCl",74,74,-2544.781645486974,-2519.281794033417,0.08475962657706286,0.08783320176746419,0.9507493008638327,No,1
263,5,"Sn, Br, Cl, Br², SnBr",75,75,-2544.753082443298,-2519.253230989741,0.08476196347502633,0.08964995716384189,0.9486908117241585,No,1
262,5,"Sn, Br, Cl, Br², Cl²",85,76,-2541.8105877810685,-2516.3107363275117,0.08500305049801796,0.08785580997474084,0.9507239434068483,Yes,0
265,5,"Sn, Br, Cl, Br², BrCl",86,77,-2541.775369272989,-2516.275517819432,0.08500594020024377,0.08830363055958748,0.9502203211133875,No,1
396,6,"Sn, Br, Cl, Br², SnBr, SnCl",73,78,-2545.151506680917,-2515.4016799851006,0.08456595960753592,0.08904512259395789,0.9493808039088851,No,2
393,6,"Sn, Br, Cl, Br², Cl², SnBr",80,79,-2542.857464012517,-2513.1076373167007,0.08475342376358241,0.08931814671516596,0.9490699177311689,Yes,1
398,6,"Sn, Br, Cl, Br², SnCl, BrCl",81,80,-2542.843860879482,-2513.0940341836654,0.08475453662040466,0.08816304045734707,0.9503787055160434,No,2
394,6,"Sn, Br, Cl, Br², Cl², SnCl",82,81,-2542.791701082571,-2513.0418743867544,0.08475880388942628,0.08770757020188065,0.950890090843773,Yes,1
397,6,"Sn, Br, Cl, Br², SnBr, BrCl",83,82,-2542.7567561502715,-2513.006929454455,0.08476166290546629,0.08971984603861691,0.9486107818099668,No,2
400,6,"Sn, Br, Cl, Cl², SnBr, BrCl",84,83,-2542.0910225521397,-2512.3411958563233,0.08481614825416404,0.09784975034629269,0.9388756272947172,Yes,2
481,7,"Sn, Br, Cl, Cl², SnBr, SnCl, BrCl",77,84,-2543.2677595878754,-2509.2679576497994,0.08455647072040424,0.09677894933483779,0.9402061142630906,Yes,3
477,7,"Sn, Br, Cl, Br², Cl², SnBr, SnCl",78,85,-2543.193938813175,-2509.194136875099,0.08456249605493059,0.08884319352749605,0.9496101235391692,Yes,2
480,7,"Sn, Br, Cl, Br², SnBr, SnCl, BrCl",79,86,-2543.187073673759,-2509.187271735683,0.0845630564171393,0.08925234788069047,0.9491449283716353,No,3
284,5,"Sn, Br, Br², Cl², BrCl",88,87,-2533.015190073729,-2507.5153386201723,0.08572777854967983,0.08815703610580666,0.9503854642110404,Yes,1
134,4,"Sn, Br, Cl, SnBr",93,88,-2526.2044177330336,-2504.9545415217362,0.08645996865411239,0.09183446784681756,0.9461598329440873,No,1
415,6,"Sn, Br, Br², Cl², SnCl, BrCl",87,89,-2533.529453305803,-2503.7796266099867,0.085519978488016,0.08803077414880318,0.9505274821957939,Yes,2
414,6,"Sn, Br, Br², Cl², SnBr, BrCl",90,90,-2532.9092371470056,-2503.159410451189,0.08557119156964153,0.08909346372644521,0.9493258283322685,Yes,2
47,3,"Sn, Br, Cl",100,91,-2518.2112061346434,-2501.2113051656056,0.08729799308226083,0.08588720755255634,0.95290747935581,No,0
269,5,"Sn, Br, Cl, SnBr, SnCl",92,92,-2526.256195784965,-2500.756344331408,0.08628890580022787,0.09104513158747615,0.9470813901223907,No,2
487,7,"Sn, Br, Br², Cl², SnBr, SnCl, BrCl",89,93,-2532.9503788292964,-2498.9505768912204,0.08540276398548059,0.0887172660654806,0.9497528687946734,Yes,3
270,5,"Sn, Br, Cl, SnBr, BrCl",95,94,-2524.3920423319014,-2498.8921908783445,0.08644431175441858,0.09214327495259758,0.9457971329549152,No,2
268,5,"Sn, Br, Cl, Cl², BrCl",96,95,-2524.3601105853445,-2498.8602591317876,0.08644697619495345,0.0869758549978342,0.9517060881958492,Yes,1
266,5,"Sn, Br, Cl, Cl², SnBr",98,96,-2524.2066978133935,-2498.7068463598366,0.08645977836891981,0.09186040621316181,0.946129414665806,Yes,1
135,4,"Sn, Br, Cl, SnCl",99,97,-2519.378012562194,-2498.1281363508965,0.08703155124267936,0.08563366920508239,0.9531851024655744,No,1
401,6,"Sn, Br, Cl, Cl², SnCl, BrCl",91,98,-2527.057128892168,-2497.3073021963514,0.08605592990151491,0.08675040411277378,0.9519561298618215,Yes,2
136,4,"Sn, Br, Cl, BrCl",103,99,-2516.5826827353662,-2495.332806524069,0.08726669641393775,0.08664788943222217,0.9520696115670739,No,1
133,4,"Sn, Br, Cl, Cl²",104,100,-2516.314176979826,-2495.0643007685285,0.0872893167295414,0.08626664071697311,0.9524904688519726,Yes,0
402,6,"Sn, Br, Cl, SnBr, SnCl, BrCl",94,101,-2524.564731320559,-2494.8149046247427,0.08626321156299084,0.09140498401667192,0.9466622458335692,No,3
399,6,"Sn, Br, Cl, Cl², SnBr, SnCl",97,102,-2524.2816914233135,-2494.531864727497,0.08628678228317627,0.09112262248049013,0.9469912709611382,Yes,2
271,5,"Sn, Br, Cl, SnCl, BrCl",101,103,-2517.938695536543,-2492.438844082986,0.08698446252945316,0.08650959205196207,0.9522224913950075,No,2
267,5,"Sn, Br, Cl, Cl², SnCl",102,104,-2517.5730182391944,-2492.0731667856376,0.08701517088612615,0.0861214708735549,0.9526502327660885,Yes,1
289,5,"Sn, Br, Cl², SnBr, BrCl",106,105,-2514.6833800649497,-2489.183528611393,0.0872582146608117,0.09107727781619185,0.9470440145038364,Yes,2
148,4,"Sn, Br, Cl², BrCl",110,106,-2509.0100351713404,-2487.760158960043,0.08790690977105606,0.0865396111489869,0.9521893277544249,Yes,1
313,5,"Sn, Sn², Br², Cl², SnCl",108,107,-2512.9844104798035,-2487.4845590262466,0.08740142960137628,0.14451186042762587,0.8666779583945319,Yes,1
433,6,"Sn, Sn², Br², Cl², SnBr, SnCl",105,108,-2515.0238155985285,-2485.273988902712,0.08706131145636814,0.14920292503444438,0.8578818171435696,Yes,2
417,6,"Sn, Br, Cl², SnBr, SnCl, BrCl",107,109,-2514.4937218779073,-2484.743895182091,0.08710586981887683,0.09043559193745182,0.9477875896694499,Yes,3
290,5,"Sn, Br, Cl², SnCl, BrCl",109,110,-2509.807117659954,-2484.3072662063973,0.08766989119139426,0.08641672915134557,0.9523250089686129,Yes,2
167,4,"Sn, Sn², Br², Cl²",112,111,-2504.568443371564,-2483.318567160267,0.0882845977809325,0.14545778133379023,0.8649268931530827,Yes,0
312,5,"Sn, Sn², Br², Cl², SnBr",111,112,-2505.185983648844,-2479.686132195287,0.08806182094299299,0.1489457106504406,0.8583713964461416,Yes,1
304,5,"Sn, Cl, Br², Cl², BrCl",114,113,-2471.177476644512,-2445.677625190955,0.09100057478008435,0.10253949674621222,0.9328760763769328,Yes,1
430,6,"Sn, Cl, Br², Cl², SnCl, BrCl",113,114,-2472.1711493886373,-2442.421322692821,0.09073799494217283,0.10240045624156663,0.9330579890430382,Yes,2
429,6,"Sn, Cl, Br², Cl², SnBr, BrCl",116,115,-2469.6749370013677,-2439.9251103055512,0.09095688915112651,0.10221127520144258,0.9333051063205047,Yes,2
55,3,"Sn, Cl, Br²",127,116,-2454.899525907549,-2437.8996249385114,0.09279930349143203,0.10571119534456086,0.9286593702501718,No,0
493,7,"Sn, Cl, Br², Cl², SnBr, SnCl, BrCl",115,117,-2470.950125306617,-2436.950323368541,0.090669794028908,0.1020952694668092,0.9334564125151336,Yes,3
158,4,"Sn, Cl, Br², SnBr",122,118,-2457.6290938394786,-2436.3792176281813,0.0923766198101823,0.10581264101255032,0.9285223805888241,No,1
157,4,"Sn, Cl, Br², Cl²",123,119,-2457.2363701668583,-2435.986493955561,0.09241164429129521,0.10178763293944834,0.9338568305953124,Yes,0
160,4,"Sn, Cl, Br², BrCl",125,120,-2455.8398678668786,-2434.5899916555813,0.09253629689077811,0.10235926716218403,0.9331118310934913,No,1
159,4,"Sn, Cl, Br², SnCl",128,121,-2454.8629768112964,-2433.613100599999,0.09262359468447019,0.10538272205277248,0.9291020307331238,No,1
302,5,"Sn, Cl, Br², Cl², SnBr",118,122,-2458.914495042716,-2433.4146435891594,0.0920841356981123,0.1019076849241249,0.9337007153334549,Yes,1
305,5,"Sn, Cl, Br², SnBr, SnCl",119,123,-2458.4290872705733,-2432.9292358170164,0.09212729093777003,0.1056899671817955,0.9286880195987417,No,2
306,5,"Sn, Cl, Br², SnBr, BrCl",121,124,-2457.8756841256118,-2432.375832672055,0.0921765159879417,0.10252391801767793,0.9328964709757157,No,2
303,5,"Sn, Cl, Br², Cl², SnCl",124,125,-2456.869450088103,-2431.369598634546,0.09226608761493106,0.10172867464065449,0.9339334324226053,Yes,1
307,5,"Sn, Cl, Br², SnCl, BrCl",126,126,-2455.489340596992,-2429.989489143435,0.09238908197518504,0.10231040401697747,0.9331756765330304,No,2
428,6,"Sn, Cl, Br², Cl², SnBr, SnCl",117,127,-2459.27963241651,-2429.5298057206937,0.09187415189876535,0.1020889878594656,0.9334646007070223,Yes,2
431,6,"Sn, Cl, Br², SnBr, SnCl, BrCl",120,128,-2458.2899338688294,-2428.540107173013,0.09196196189924809,0.10273360823179045,0.9326216991338386,No,3
179,4,"Sn, Br², Cl², BrCl",131,129,-2446.9861292333044,-2425.736253022007,0.09333050832825064,0.1023037836254118,0.9331843245073592,Yes,1
323,5,"Sn, Br², Cl², SnBr, BrCl",130,130,-2450.2912841638295,-2424.7914327102726,0.09285380250961615,0.10278231051717435,0.9325578007638942,Yes,2
324,5,"Sn, Br², Cl², SnCl, BrCl",132,131,-2446.252966649206,-2420.753115195649,0.09321645203492865,0.1022602713573704,0.9332411490588203,Yes,2
438,6,"Sn, Br², Cl², SnBr, SnCl, BrCl",129,132,-2450.364012404867,-2420.6141857090506,0.0926682153486701,0.10304010929918632,0.932219059181251,Yes,3
142,4,"Sn, Br, Br², Cl²",133,133,-2381.793138252328,-2360.5432620410306,0.09939229977439915,0.13351452225870272,0.8861974526219298,Yes,0
50,3,"Sn, Br, Cl²",142,134,-2373.1332655960014,-2356.1333646269636,0.10042027167340743,0.1298166901121664,0.8924139320889807,Yes,0
283,5,"Sn, Br, Br², Cl², SnCl",134,135,-2380.6154812611126,-2355.1156298075557,0.09931343671232112,0.13315702083524036,0.8868060771077207,Yes,1
282,5,"Sn, Br, Br², Cl², SnBr",135,136,-2380.357884048379,-2354.8580325948224,0.09933813366723007,0.133034169913992,0.8870148466157659,Yes,1
146,4,"Sn, Br, Cl², SnBr",141,137,-2373.9572779634186,-2352.7074017521213,0.10014691074053261,0.13022836522358736,0.8917304955669794,Yes,1
147,4,"Sn, Br, Cl², SnCl",144,138,-2372.118270831462,-2350.8683946201645,0.10032483973767514,0.12945174098165219,0.8930179877298023,Yes,1
413,6,"Sn, Br, Br², Cl², SnBr, SnCl",136,139,-2379.029856053574,-2349.2800293577575,0.0992737216971405,0.13273105836535182,0.887529121853471,Yes,2
288,5,"Sn, Br, Cl², SnBr, SnCl",143,140,-2372.5752484778236,-2347.0753970242667,0.10008719125822343,0.1298162558515009,0.8924146518780813,Yes,2
446,6,"Br, Cl, Sn², Cl², SnBr, BrCl",140,141,-2374.6380404910456,-2344.888213795229,0.09969545655470849,0.12585607334331142,0.8988785410331559,Yes,2
496,7,"Br, Cl, Sn², Br², Cl², SnBr, BrCl",138,142,-2376.897233718602,-2342.897431780526,0.09928643092061373,0.12318984828141465,0.9031176171203019,Yes,2
499,7,"Br, Cl, Sn², Cl², SnBr, SnCl, BrCl",139,143,-2375.7862798337887,-2341.786477895713,0.0993929577630553,0.12447149631500656,0.9010912320676775,Yes,3
511,8,"Br, Cl, Sn², Br², Cl², SnBr, SnCl, BrCl",137,144,-2378.1401620474808,-2339.8903848671453,0.09897612650987213,0.1218727228317371,0.9051782427551738,Yes,3
189,4,"Br, Cl, Sn², SnBr",152,145,-2358.982599711391,-2337.7327235000935,0.10160497880683199,0.1184116292615418,0.9104875004021441,No,1
328,5,"Br, Cl, Sn², Br², SnBr",146,146,-2361.399067881671,-2335.899216428114,0.10117275869724472,0.11653202634982028,0.9133066933626165,No,1
334,5,"Br, Cl, Sn², SnBr, SnCl",151,147,-2359.0956208208718,-2333.595769367315,0.10139795692469553,0.11735685056382415,0.9120751039646956,No,2
442,6,"Br, Cl, Sn², Br², SnBr, SnCl",145,148,-2361.6371757899487,-2331.8873490941323,0.10095442748203001,0.11552263921064632,0.9148020440090757,No,2
335,5,"Br, Cl, Sn², SnBr, BrCl",155,149,-2357.040456021395,-2331.5406045678383,0.10159930474794175,0.1184906917980672,0.9103679268776371,No,2
331,5,"Br, Cl, Sn², Cl², SnBr",156,150,-2357.003233388413,-2331.503381934856,0.1016029551934737,0.11839428047597217,0.9105137278834977,Yes,1
439,6,"Br, Cl, Sn², Br², Cl², SnBr",149,151,-2359.5009296324124,-2329.751102936596,0.1011628116627768,0.11640209407757976,0.9134999102643276,Yes,1
443,6,"Br, Cl, Sn², Br², SnBr, BrCl",150,152,-2359.4032473234383,-2329.653420627622,0.10117235054589288,0.11657065411407987,0.9132492100468691,No,2
448,6,"Br, Cl, Sn², SnBr, SnCl, BrCl",153,153,-2357.2286860167164,-2327.4788593209,0.10138493407475936,0.11744523982716289,0.9119426098936031,No,3
445,6,"Br, Cl, Sn², Cl², SnBr, SnCl",154,154,-2357.096490919495,-2327.3466642236785,0.10139787176428465,0.11735559986726585,0.9120769780228074,Yes,2
495,7,"Br, Cl, Sn², Br², Cl², SnBr, SnCl",147,155,-2359.6788997828025,-2325.6790978447266,0.10095036171273444,0.1154546689408784,0.9149022706742972,Yes,2
498,7,"Br, Cl, Sn², Br², SnBr, SnCl, BrCl",148,156,-2359.6731948125757,-2325.6733928744998,0.10095091762045036,0.11562032648688153,0.9146578943388847,No,3
354,5,"Br, Sn², Cl², SnBr, BrCl",159,157,-2348.8498496798707,-2323.349998226314,0.10240573150484447,0.11726007929335376,0.9122200481379612,Yes,2
455,6,"Br, Sn², Br², Cl², SnBr, BrCl",157,158,-2351.208833496751,-2321.4590068009347,0.10197576320676831,0.11548964162249735,0.914850708505871,Yes,2
458,6,"Br, Sn², Cl², SnBr, SnCl, BrCl",160,159,-2348.7144374320237,-2318.9646107362073,0.10222158792831111,0.11631013812206066,0.9136365238985894,Yes,3
187,4,"Br, Cl, Sn², Br²",164,160,-2339.563546362249,-2318.3136701509516,0.10352745031106707,0.10945649298602383,0.9235146903016045,No,0
501,7,"Br, Sn², Br², Cl², SnBr, SnCl, BrCl",158,161,-2351.1485279460153,-2317.1487260079393,0.10178501343265228,0.1146346991676132,0.9161067223103276,Yes,3
329,5,"Br, Cl, Sn², Br², SnCl",163,162,-2341.216544649311,-2315.716693195754,0.10316304912472479,0.10915336580930422,0.9239377382464387,No,1
441,6,"Br, Cl, Sn², Br², Cl², BrCl",162,163,-2342.6127348968557,-2312.8629082010393,0.10282541621420568,0.11010584931456563,0.9226044922448516,Yes,1
75,3,"Br, Cl, Sn²",175,164,-2329.426524733202,-2312.426623764164,0.10474743480635074,0.10689755564455386,0.9270491224571318,No,0
330,5,"Br, Cl, Sn², Br², BrCl",167,165,-2337.605639089654,-2312.105787636097,0.1035232440714742,0.10972344086771077,0.9231411630934905,No,1
327,5,"Br, Cl, Sn², Br², Cl²",168,166,-2337.5649687421196,-2312.0651172885628,0.10352730817278494,0.10940987602939217,0.923579825827168,Yes,0
497,7,"Br, Cl, Sn², Br², Cl², SnCl, BrCl",161,167,-2345.370203457406,-2311.3704015193302,0.10235430888985039,0.10988999146489246,0.922907656007004,Yes,2
190,4,"Br, Cl, Sn², SnCl",173,168,-2331.113592707537,-2309.8637164962397,0.10437530693476257,0.106646498241543,0.927391381937314,No,1
444,6,"Br, Cl, Sn², Br², SnCl, BrCl",165,169,-2339.346106599684,-2309.5962799038675,0.10315014838137454,0.10959069381846284,0.9233270233234397,No,2
440,6,"Br, Cl, Sn², Br², Cl², SnCl",166,170,-2339.226513108301,-2309.4766864124845,0.10316205648797103,0.10926827949955742,0.9237775013897457,Yes,1
349,5,"Br, Sn², Br², Cl², BrCl",171,171,-2332.1942478872993,-2306.6943964337424,0.10406539696325011,0.10960705353578097,0.9233041301049498,Yes,1
191,4,"Br, Cl, Sn², BrCl",177,172,-2327.710520918985,-2306.4606447076876,0.10471872457954395,0.10754290128264742,0.9261656478444674,No,1
188,4,"Br, Cl, Sn², Cl²",178,173,-2327.525274242691,-2306.2753980313937,0.10473745095997086,0.10725951284904063,0.9265542598828692,Yes,0
333,5,"Br, Cl, Sn², Cl², BrCl",172,174,-2331.3384065176033,-2305.8385550640464,0.10415140108463077,0.10777016392903867,0.9258532605120714,Yes,1
447,6,"Br, Cl, Sn², Cl², SnCl, BrCl",169,175,-2334.1456847805616,-2304.395858084745,0.10366923417831407,0.1075616094891965,0.9261399571026231,Yes,2
336,5,"Br, Cl, Sn², SnCl, BrCl",174,176,-2329.5873061676434,-2304.0874547140866,0.1043275919875328,0.10741909101890941,0.9263355556374158,No,2
332,5,"Br, Cl, Sn², Cl², SnCl",176,177,-2329.3180055161242,-2303.8181540625674,0.10435471470994483,0.10712765005025592,0.9267347344620176,Yes,1
456,6,"Br, Sn², Br², Cl², SnCl, BrCl",170,178,-2333.4769564270323,-2303.727129731216,0.10373617330565196,0.10948944995777844,0.9234686244426816,Yes,2
208,4,"Br, Sn², Cl², BrCl",180,179,-2322.808620501208,-2301.558744289911,0.1052153819950075,0.10746888062494969,0.9262672516955598,Yes,1
355,5,"Br, Sn², Cl², SnCl, BrCl",179,180,-2324.230433942702,-2298.730582489145,0.10486843846837635,0.10736194096834685,0.9264139179988716,Yes,2
177,4,"Sn, Br², Cl², SnBr",181,181,-2282.8642507154873,-2261.61437450419,0.10935132321592099,0.16225044595450014,0.8319390672396866,Yes,1
65,3,"Sn, Br², Cl²",183,182,-2273.5300214181266,-2256.530120449089,0.11055423594322868,0.15862395816393876,0.8393678261830533,Yes,0
322,5,"Sn, Br², Cl², SnBr, SnCl",182,183,-2281.534327583294,-2256.034476129737,0.1092806184854237,0.16230400213069351,0.8318281006859235,Yes,2
178,4,"Sn, Br², Cl², SnCl",186,184,-2271.6581297199614,-2250.408253508664,0.11054056602064757,0.15849977927449954,0.8396192297840279,Yes,1
364,5,"Cl, Sn², Br², Cl², BrCl",188,185,-2269.0001060990785,-2243.5002546455216,0.11061079904048754,0.12641920378182264,0.897971600805074,Yes,1
96,3,"Cl, Sn², Br²",198,186,-2260.393761436561,-2243.393860467523,0.11196496514859651,0.12933721105943066,0.8932072045191296,No,0
461,6,"Cl, Sn², Br², Cl², SnBr, BrCl",185,187,-2271.9534572383927,-2242.2036305425763,0.11008320598126511,0.12844459786981266,0.894676166440481,Yes,2
462,6,"Cl, Sn², Br², Cl², SnCl, BrCl",187,188,-2270.4524888584933,-2240.702662162677,0.11024281135165075,0.1262519209155893,0.8982414381443741,Yes,2
222,4,"Cl, Sn², Br², Cl²",192,189,-2261.682966483031,-2240.433090271734,0.11161005035538432,0.12584614949453968,0.8988944874150154,Yes,0
224,4,"Cl, Sn², Br², SnCl",193,190,-2261.162691649733,-2239.9128154384357,0.11166611452865799,0.12892360760389734,0.8938891311533647,No,1
225,4,"Cl, Sn², Br², BrCl",197,191,-2260.7409812129854,-2239.491105001688,0.11171157818843343,0.1262867320238564,0.8981853151698233,No,1
502,7,"Cl, Sn², Br², Cl², SnBr, SnCl, BrCl",184,192,-2272.838865476588,-2238.839063538512,0.10977703506394627,0.1278525671798268,0.8956448523759357,Yes,3
453,6,"Br, Cl, Cl², SnBr, SnCl, BrCl",189,193,-2268.5100434888327,-2238.7602167930163,0.11044970470606742,0.15037600798554157,0.8556382712180007,Yes,3
223,4,"Cl, Sn², Br², SnBr",203,194,-2259.284608224823,-2238.0347320135256,0.11186872889610718,0.1295627299215804,0.8928344612632895,No,1
363,5,"Cl, Sn², Br², Cl², SnCl",191,195,-2262.083025896592,-2236.583174443035,0.11135178712296365,0.1257642372778839,0.8990260620625559,Yes,1
367,5,"Cl, Sn², Br², SnCl, BrCl",195,196,-2261.160236051877,-2235.66038459832,0.11145101499437995,0.1262181884790612,0.8982958073078965,No,2
362,5,"Cl, Sn², Br², Cl², SnBr",196,197,-2261.094758839969,-2235.594907386412,0.1114580591375644,0.12619972415026914,0.8983255615345737,Yes,1
366,5,"Cl, Sn², Br², SnBr, BrCl",200,198,-2259.9622520348976,-2234.4624005813407,0.1115799665008229,0.1265768151556567,0.8977170372583246,No,2
365,5,"Cl, Sn², Br², SnBr, SnCl",201,199,-2259.797411093459,-2234.297559639902,0.11159772172290651,0.1290252272283041,0.8937217887017748,No,2
344,5,"Br, Cl, Cl², SnBr, BrCl",202,200,-2259.675566246668,-2234.175714793111,0.11161084759834085,0.15507788033686207,0.8464694930855874,Yes,2
244,4,"Sn², Br², Cl², BrCl",206,201,-2255.000983312374,-2233.7511071010767,0.11233223829774887,0.12625173818365645,0.8982417327066287,Yes,1
500,7,"Br, Cl, Br², Cl², SnBr, SnCl, BrCl",190,202,-2266.510063105704,-2232.510261167628,0.11044970261467976,0.15036907046122808,0.8556515910276514,Yes,3
199,4,"Br, Cl, SnBr, SnCl",209,203,-2252.6820491440976,-2231.4321729328003,0.11258395916528377,0.141794499329112,0.871644720057294,No,2
460,6,"Cl, Sn², Br², Cl², SnBr, SnCl",194,204,-2261.1619029957405,-2231.412076299924,0.11123588716030242,0.12593829634588422,0.898746370598545,Yes,2
463,6,"Cl, Sn², Br², SnBr, SnCl, BrCl",199,205,-2260.0748304203303,-2230.325003724514,0.11135266799606948,0.12634248511739157,0.89809539698787,No,3
379,5,"Sn², Br², Cl², SnCl, BrCl",205,206,-2255.0619354396786,-2229.5620839861217,0.1121089938564769,0.12619116639317632,0.8983393504022015,Yes,2
78,3,"Br, Cl, SnBr",215,207,-2245.7995092386727,-2228.799608269635,0.1135533905009825,0.14587855333126817,0.8641442992629248,No,1
378,5,"Sn², Br², Cl², SnBr, BrCl",207,208,-2253.735004668661,-2228.235153215104,0.11225267743020631,0.12637494376541972,0.8980430296384815,Yes,2
450,6,"Br, Cl, Br², Cl², SnBr, BrCl",204,209,-2257.6920709892006,-2227.942244293384,0.11160906951568643,0.1552860474979452,0.8460570363214637,Yes,2
346,5,"Br, Cl, SnBr, SnCl, BrCl",210,210,-2250.8311749754034,-2225.3313235218466,0.11256775456276369,0.14172722597395468,0.8717664855981959,No,3
340,5,"Br, Cl, Br², SnBr, SnCl",211,211,-2250.6864664941813,-2225.1866150406245,0.11258347912503168,0.14170519525659428,0.8718063488879939,No,2
343,5,"Br, Cl, Cl², SnBr, SnCl",212,212,-2250.682049156447,-2225.1821977028903,0.11258395916394172,0.1417945448802185,0.8716446375896949,Yes,2
466,6,"Sn², Br², Cl², SnBr, SnCl, BrCl",208,213,-2253.571726359527,-2223.8218996637106,0.11205384126207295,0.12620210746328722,0.8983217212044527,Yes,3
196,4,"Br, Cl, Cl², SnBr",216,214,-2243.855032885404,-2222.6051566741066,0.11354730485485394,0.14594164518654407,0.8640267598226432,Yes,1
200,4,"Br, Cl, SnBr, BrCl",217,215,-2243.8167106540986,-2222.5668344428013,0.11355150511215303,0.14587648729810396,0.8641481474008348,No,2
193,4,"Br, Cl, Br², SnBr",218,216,-2243.8052973012313,-2222.555421089934,0.11355275608757329,0.14598375338130465,0.8639482844338346,No,1
452,6,"Br, Cl, Br², SnBr, SnCl, BrCl",213,217,-2248.832435158659,-2219.0826084628425,0.11256761763620661,0.14168105185719687,0.871850027834999,No,3
449,6,"Br, Cl, Br², Cl², SnBr, SnCl",214,218,-2248.686495837091,-2218.9366691412747,0.11258347593629918,0.14170680853186746,0.8718034299713743,Yes,2
206,4,"Br, Sn², Cl², SnBr",223,219,-2239.468018570594,-2218.2181423592965,0.11402914832296596,0.1475520719774158,0.8610093467550337,Yes,1
361,5,"Br, Cl², SnBr, SnCl, BrCl",219,220,-2243.288871967648,-2217.789020514091,0.11339026243146404,0.14039052799145674,0.8741739433887865,Yes,3
337,5,"Br, Cl, Br², Cl², SnBr",220,221,-2241.8582494796,-2216.3583980260432,0.11354695231138406,0.14602022639848083,0.8638802928069411,Yes,1
341,5,"Br, Cl, Br², SnBr, BrCl",221,222,-2241.8243543348817,-2216.324502881325,0.11355066732426153,0.14599668367088914,0.8639241822176811,No,2
219,4,"Br, Cl², SnBr, BrCl",227,223,-2236.931102618579,-2215.681226407282,0.11430872056841732,0.144387282396155,0.8669077227676663,Yes,2
347,5,"Br, Sn², Br², Cl², SnBr",224,224,-2238.3936717998604,-2212.8938203463035,0.11392731018690704,0.1480582572896218,0.8600540812055519,Yes,1
353,5,"Br, Sn², Cl², SnBr, SnCl",225,225,-2238.272325372395,-2212.772473918838,0.11394065524651488,0.14684963584489605,0.862329554084119,Yes,2
459,6,"Br, Br², Cl², SnBr, SnCl, BrCl",222,226,-2241.290695393798,-2211.5408686979818,0.11339006285753762,0.14033682428391478,0.8742701896726248,Yes,3
358,5,"Br, Br², Cl², SnBr, BrCl",228,227,-2234.93689201938,-2209.4370405658233,0.1143080817873851,0.14448869386323707,0.8667207004377904,Yes,2
454,6,"Br, Sn², Br², Cl², SnBr, SnCl",226,228,-2237.21195892148,-2207.4621322256635,0.11383735995203968,0.1473967362041893,0.8613018381545431,Yes,2
82,3,"Br, Sn², Cl²",231,229,-2223.705144705968,-2206.7052437369302,0.11600110696924561,0.14534478802753795,0.8651366643842922,Yes,0
202,4,"Br, Sn², Br², Cl²",229,230,-2225.9171215745205,-2204.667245363223,0.11553044856530205,0.1483361821246966,0.859528194272794,Yes,0
207,4,"Br, Sn², Cl², SnCl",232,231,-2223.4117147909237,-2202.1618385796264,0.1158101793065728,0.14488960855621935,0.8659800506397475,Yes,1
348,5,"Br, Sn², Br², Cl², SnCl",230,232,-2225.526331631264,-2200.026480177707,0.11535113539342838,0.14786170067740265,0.8604254085109814,Yes,1
90,3,"Br, Cl², SnBr",235,233,-2148.003932005852,-2131.0040310368145,0.12479475184519404,0.16691445178104733,0.8221381308332365,Yes,1
218,4,"Br, Cl², SnBr, SnCl",233,234,-2151.5009651120176,-2130.2510889007203,0.12413434245231555,0.16358032269369188,0.8291727724796878,Yes,2
212,4,"Br, Br², Cl², SnBr",236,235,-2146.7692643472406,-2125.5193881359432,0.12470259529105794,0.16703375082316604,0.8218837929583442,Yes,1
357,5,"Br, Br², Cl², SnBr, SnCl",234,236,-2150.1258260807867,-2124.62597462723,0.12405949368967434,0.16362537759377827,0.8290786576927952,Yes,2
111,3,"Sn², Br², Cl²",237,237,-2126.0332547347575,-2109.0333537657198,0.1274695636934891,0.17697237679603003,0.8000571222408184,Yes,0
243,4,"Sn², Br², Cl², SnCl",238,238,-2124.669763913878,-2103.4198877025806,0.12739127158154515,0.1766926895580818,0.8006886025099784,Yes,1
242,4,"Sn², Br², Cl², SnBr",239,239,-2124.1765940907057,-2102.9267178794084,0.1274519284220418,0.17730925086806493,0.7992951990565118,Yes,1
377,5,"Sn², Br², Cl², SnBr, SnCl",241,240,-2122.887753237504,-2097.387901783947,0.12736446944280436,0.17713222504092122,0.7996957669530537,Yes,2
465,6,"Cl, Br², Cl², SnBr, SnCl, BrCl",240,241,-2123.997295210723,-2094.247468514907,0.12698275960172314,0.1521709201314524,0.852171454234971,Yes,3
235,4,"Cl, Br², SnBr, SnCl",245,242,-2111.8175628152394,-2090.567686603942,0.12898148002897522,0.15007191228764155,0.8562215476781836,No,2
373,5,"Cl, Br², Cl², SnBr, BrCl",242,243,-2114.0384495580265,-2088.5385981044697,0.12845705079213082,0.15590923858977446,0.8448189548683078,Yes,2
372,5,"Cl, Br², Cl², SnBr, SnCl",243,244,-2113.4731204455657,-2087.973268992009,0.12852716693890748,0.1479641627102442,0.8602319026694402,Yes,2
375,5,"Cl, Br², SnBr, SnCl, BrCl",244,245,-2112.37748367351,-2086.8776322199533,0.12866316460222313,0.1480448357468727,0.8600794523673116,No,3
102,3,"Cl, Br², SnBr",253,246,-2102.4406420312757,-2085.440741062238,0.1304057067762603,0.15360263091385173,0.8493766577789535,No,1
232,4,"Cl, Br², Cl², SnBr",247,247,-2105.176360124701,-2083.926483913404,0.1298109622579458,0.15098712488629762,0.8544625363774996,Yes,1
79,3,"Br, Cl, SnCl",255,248,-2100.2820281624436,-2083.282127193406,0.13067770391300862,0.1420804741309769,0.8711264574856674,No,1
194,4,"Br, Cl, Br², SnCl",248,249,-2104.264465807214,-2083.0145895959167,0.12992527305994378,0.1453077829073547,0.8652053286783065,No,1
236,4,"Cl, Br², SnBr, BrCl",249,250,-2103.9918572386646,-2082.7419810273673,0.12995946553396268,0.15098702544048329,0.8544627280903603,No,2
382,5,"Br², Cl², SnBr, SnCl, BrCl",246,251,-2106.964711147588,-2081.464859694031,0.12933714810976,0.14746477692055593,0.8611737579717942,Yes,3
197,4,"Br, Cl, Cl², SnCl",256,252,-2099.9569173823593,-2078.707041171062,0.13046660946317745,0.14410404442190847,0.8674293727679805,Yes,1
201,4,"Br, Cl, SnCl, BrCl",257,253,-2099.886505127782,-2078.636628916485,0.13047547699243153,0.14407892270702977,0.8674755909184407,No,2
220,4,"Br, Cl², SnCl, BrCl",258,254,-2099.8495332137236,-2078.5996570024263,0.1304801333767938,0.14397227134612647,0.8676717150586446,Yes,2
253,4,"Br², Cl², SnBr, BrCl",259,255,-2099.169352797922,-2077.9194765866246,0.13056582755820018,0.1502464484312129,0.8558869197135364,Yes,2
338,5,"Br, Cl, Br², Cl², SnCl",250,256,-2103.388373053197,-2077.88852159964,0.12978439972284664,0.14694743318622755,0.862146124458944,Yes,1
342,5,"Br, Cl, Br², SnCl, BrCl",251,257,-2103.356154222876,-2077.856302769319,0.12978843598401893,0.14695053194702568,0.8621403103976816,No,2
359,5,"Br, Br², Cl², SnCl, BrCl",252,258,-2103.1026854145416,-2077.6028339609848,0.12982019403892098,0.14677212056554076,0.8624748557254213,Yes,2
345,5,"Br, Cl, Cl², SnCl, BrCl",260,259,-2098.0129779467275,-2072.5131264931706,0.13045954977797383,0.14403105843157818,0.867563627823083,Yes,2
451,6,"Br, Cl, Br², Cl², SnCl, BrCl",254,260,-2101.401691334722,-2071.6518646389054,0.12978273129228424,0.14690184980559684,0.8622316362765154,Yes,2
19,2,"Br, Cl",266,261,-2072.81953767018,-2060.0696119434015,0.13444735552204068,0.1446432889692518,0.8664353445437964,No,0
76,3,"Br, Cl, Br²",261,262,-2076.536727646789,-2059.5368266777514,0.13370744815474922,0.14810736364861488,0.8599612343180103,No,0
92,3,"Br, Cl², BrCl",267,263,-2072.5980984868597,-2055.598197517822,0.13421674002212522,0.1462030914131323,0.8635391466653607,Yes,1
77,3,"Br, Cl, Cl²",268,264,-2071.7557181670677,-2054.75581719803,0.13432591716352213,0.1465535687863242,0.862884115836405,Yes,0
80,3,"Br, Cl, BrCl",269,265,-2071.5767888108767,-2054.576887841839,0.1343491188291086,0.14636855911709296,0.8632300883352545,No,1
214,4,"Br, Br², Cl², BrCl",262,266,-2075.7910558086646,-2054.5411795973673,0.1335456609635495,0.14914882383160188,0.8579848629874469,Yes,1
192,4,"Br, Cl, Br², Cl²",263,267,-2075.0787301827518,-2053.8288539714545,0.13363751492856055,0.14953589520821436,0.8572467904730475,Yes,0
195,4,"Br, Cl, Br², BrCl",264,268,-2074.9598407038643,-2053.709964492567,0.13365285180712133,0.149383435921392,0.8575377300861549,No,1
198,4,"Br, Cl, Cl², BrCl",270,269,-2070.7525741990385,-2049.502697987741,0.1341967287471881,0.14610985057129483,0.8637131466464816,Yes,1
339,5,"Br, Cl, Br², Cl², BrCl",265,270,-2073.8561694064906,-2048.3563179529338,0.1335372677538966,0.1490631063496863,0.8581480514269567,Yes,1
103,3,"Cl, Br², SnCl",271,271,-2042.6273364785288,-2025.6274355094909,0.13815624613849206,0.1648382156981415,0.8265354311713353,No,1
91,3,"Br, Cl², SnCl",274,272,-2039.9606211059393,-2022.9607201369013,0.1385123252529091,0.17625186010215413,0.8016818833474342,Yes,1
233,4,"Cl, Br², Cl², SnCl",272,273,-2040.977219539387,-2019.7273433280898,0.13810959520352076,0.16345943943733765,0.8294251563988531,Yes,1
237,4,"Cl, Br², SnCl, BrCl",273,274,-2040.9405681479661,-2019.6906919366688,0.13811448130233678,0.16351707972723317,0.8293048364346874,No,2
254,4,"Br², Cl², SnCl, BrCl",275,275,-2039.9287391394755,-2018.6788629281782,0.1382494393185319,0.16340466759730296,0.8295394493734092,Yes,2
213,4,"Br, Br², Cl², SnCl",276,276,-2039.854149315891,-2018.6042731045936,0.13825939334606047,0.17900955849584818,0.7954274238697346,Yes,1
374,5,"Cl, Br², Cl², SnCl, BrCl",277,277,-2039.0809860149498,-2013.581134561393,0.13809576274381913,0.16357043059373735,0.8291934325308161,Yes,2
22,2,"Br, Cl²",279,278,-2019.5025449432326,-2006.7526192164541,0.14154773250032915,0.17947431101671632,0.7943638042393736,Yes,0
27,2,"Cl, Br²",280,279,-2018.0347846906886,-2005.2848589639102,0.14174841336570065,0.16824055030584714,0.8193007575916627,No,0
86,3,"Br, Br², Cl²",278,280,-2019.5035464337234,-2002.5036454646854,0.1412746013537799,0.18239467934445114,0.7876172196534332,Yes,0
123,3,"Br², Cl², BrCl",281,281,-2016.8275884723807,-1999.8276875033428,0.14163998123251487,0.1656520075581746,0.8248184444784792,Yes,1
104,3,"Cl, Br², BrCl",282,282,-2016.8156087495622,-1999.8157077805242,0.14164161908726944,0.16581102892368607,0.8244819441021589,No,1
101,3,"Cl, Br², Cl²",283,283,-2016.7567723474917,-1999.7568713784538,0.14164966341149515,0.16592605280865258,0.8242383442484729,Yes,0
234,4,"Cl, Br², Cl², BrCl",284,284,-2014.923523968584,-1993.6736477572867,0.14162686571827707,0.1657294531656981,0.8246546044668154,Yes,1
252,4,"Br², Cl², SnBr, SnCl",285,285,-1998.7577912773204,-1977.507915066023,0.14385414178864506,0.19071242809226974,0.7678049472289302,Yes,2
121,3,"Br², Cl², SnBr",286,286,-1994.225145911163,-1977.225244942125,0.14476410046412572,0.1929298118888608,0.7623741666160178,Yes,1
122,3,"Br², Cl², SnCl",287,287,-1956.601374915837,-1939.601473946799,0.15011803813123373,0.2083260975477382,0.7229345782935578,Yes,1
37,2,"Br², Cl²",288,288,-1941.1507626651803,-1928.4008369384019,0.15266807584518005,0.211471092847204,0.7145059966184069,Yes,0
317,5,"Sn, Sn², Br², SnCl, BrCl",292,289,-1885.443685009415,-1859.9438335558582,0.16017163043274507,0.17561298869264394,0.8031169904294075,No,2
485,7,"Sn, Br, Sn², Br², SnBr, SnCl, BrCl",289,290,-1892.7548038748728,-1858.7550019367968,0.15843237753368483,0.17603616780231401,0.8021669791278067,No,3
408,6,"Sn, Br, Sn², Br², SnCl, BrCl",290,291,-1888.1309393149188,-1858.3811126191024,0.15944859051903362,0.17475902087792367,0.8050271334158772,No,2
436,6,"Sn, Sn², Br², SnBr, SnCl, BrCl",291,292,-1885.8491440080722,-1856.0993173122558,0.1598001638853632,0.1751623050666762,0.8041262334344966,No,3
412,6,"Sn, Br, Sn², SnBr, SnCl, BrCl",293,293,-1880.9091678855752,-1851.1593411897588,0.16056396124543248,0.1826556187533093,0.787009102361419,No,3
281,5,"Sn, Br, Sn², SnCl, BrCl",294,294,-1868.9790261350693,-1843.4791746815124,0.16273749758577707,0.17624724550079748,0.8016922678854395,No,2
170,4,"Sn, Sn², Br², BrCl",304,295,-1853.57369407215,-1832.3238178608526,0.1654946672035112,0.17376734387820048,0.807233617750295,No,1
275,5,"Sn, Br, Sn², Br², BrCl",300,296,-1855.4913596942154,-1829.9915082406585,0.16487002586256058,0.17301374698166228,0.8089019766445984,No,1
296,5,"Sn, Cl, Sn², Cl², SnBr",301,297,-1855.267534420369,-1829.7676829668121,0.16490564947769276,0.15440033258582145,0.8478081366663148,Yes,1
300,5,"Sn, Cl, Sn², SnBr, BrCl",302,298,-1854.9017431564387,-1829.4018917028818,0.16496388470577553,0.15420790324460565,0.848187254117772,No,2
319,5,"Sn, Sn², Cl², SnBr, BrCl",303,299,-1854.153839503646,-1828.653988050089,0.16508301755957708,0.15406493207016608,0.8484686247152807,Yes,2
424,6,"Sn, Cl, Sn², Cl², SnBr, SnCl",295,300,-1857.838365602514,-1828.0885389066975,0.16417968852955794,0.1540299148442872,0.8485374996409897,Yes,2
427,6,"Sn, Cl, Sn², SnBr, SnCl, BrCl",296,301,-1857.3748926551275,-1827.625065959311,0.16425315365255305,0.15397882477134653,0.8486379599555318,No,3
407,6,"Sn, Br, Sn², Br², SnBr, BrCl",297,302,-1857.1757022513364,-1827.42587555552,0.16428473743391628,0.17212630468011567,0.8108573534413421,No,2
316,5,"Sn, Sn², Br², SnBr, BrCl",306,303,-1852.6349097717937,-1827.1350583182368,0.16532523127719617,0.17263035512030128,0.809747970115733,No,2
437,6,"Sn, Sn², Cl², SnBr, SnCl, BrCl",298,304,-1856.477253871562,-1826.7274271757456,0.1643955319285615,0.15394502336849136,0.8487044065950756,Yes,3
425,6,"Sn, Cl, Sn², Cl², SnBr, BrCl",305,305,-1853.2897074950035,-1823.5398807991871,0.164902120108827,0.1544815700321709,0.8476479436059969,Yes,2
492,7,"Sn, Cl, Sn², Cl², SnBr, SnCl, BrCl",299,306,-1855.9140970869446,-1821.9142951488686,0.16416768745128532,0.1541058055859049,0.8483882113265246,Yes,3
280,5,"Sn, Br, Sn², SnBr, BrCl",307,307,-1844.6664850443697,-1819.1666335908128,0.16660173804877196,0.17745007968939006,0.7989762507192463,No,2
153,4,"Sn, Cl, Sn², Cl²",310,308,-1839.0833414151375,-1817.8334652038402,0.16782567617279834,0.170358758551136,0.8147219784808932,Yes,0
156,4,"Sn, Cl, Sn², BrCl",313,309,-1837.2104256029586,-1815.9605493916613,0.16812935151650987,0.17008154935703912,0.815324459787143,No,1
141,4,"Sn, Br, Sn², BrCl",314,310,-1837.183556243778,-1815.9336800324807,0.16813371212125672,0.17458467880910788,0.8054159547461441,No,1
297,5,"Sn, Cl, Sn², Cl², SnCl",309,311,-1839.7358351940006,-1814.2359837404438,0.16739653797211002,0.16941888392489798,0.8167607083939947,Yes,1
173,4,"Sn, Sn², Cl², BrCl",316,312,-1835.2471807291467,-1813.9973045178494,0.16844826275111635,0.16984750296276357,0.8158323679697722,Yes,1
298,5,"Sn, Cl, Sn², Cl², BrCl",311,313,-1839.0765145972562,-1813.5766631436993,0.16750310468291713,0.1711024083805549,0.813100897262557,Yes,1
301,5,"Sn, Cl, Sn², SnCl, BrCl",312,314,-1837.7385843701632,-1812.2387329166063,0.16771956437374846,0.16917836083040053,0.8172806267776821,No,2
426,6,"Sn, Cl, Sn², Cl², SnCl, BrCl",308,315,-1840.1860054760064,-1810.43617878019,0.16700110805282345,0.17008658803199345,0.8153135175796429,Yes,2
320,5,"Sn, Sn², Cl², SnCl, BrCl",315,316,-1835.5724691743364,-1810.0726177207796,0.16807060680976715,0.16897455857310398,0.8177205907377251,Yes,2
299,5,"Sn, Cl, Sn², SnBr, SnCl",317,317,-1830.7204229778565,-1805.2205715242997,0.16885960195924288,0.16883192886049617,0.8180281812703903,No,2
154,4,"Sn, Cl, Sn², SnBr",318,318,-1826.20303146987,-1804.9531552585727,0.16992523232610393,0.17008472545416956,0.8153175624730941,No,1
287,5,"Sn, Br, Br², SnCl, BrCl",320,319,-1818.4246689532288,-1792.924817499672,0.17087565025096846,0.18738106871309917,0.77584605096283,No,2
416,6,"Sn, Br, Br², SnBr, SnCl, BrCl",319,320,-1819.418239421662,-1789.6684127258457,0.17038260974015124,0.1922122726960983,0.7641384225046599,No,3
182,4,"Sn, Br², SnCl, BrCl",322,321,-1810.3899045367432,-1789.1400283254459,0.1725388047930749,0.19055556981986602,0.7681867444408907,No,2
291,5,"Sn, Br, SnBr, SnCl, BrCl",321,322,-1813.9922400734226,-1788.4923886198658,0.17160829185340615,0.19718315921653196,0.751781233978061,No,3
151,4,"Sn, Br, SnCl, BrCl",323,323,-1809.083275066644,-1787.8333988553468,0.17275655239432156,0.1877147890607365,0.7750469163772331,No,2
54,3,"Sn, Cl, Sn²",326,324,-1800.915790857183,-1783.915889888145,0.17446036231793693,0.18403107045823935,0.7837892536778459,No,0
325,5,"Sn, Br², SnBr, SnCl, BrCl",324,325,-1808.5138140807207,-1783.013962627164,0.1725181697292195,0.1912325192152917,0.7665367839261488,No,3
155,4,"Sn, Cl, Sn², SnCl",325,326,-1802.880584507733,-1781.6307082964356,0.17379397481821074,0.18173395021895888,0.789153156111394,No,1
161,4,"Sn, Cl, Cl², SnBr",327,327,-1789.312290113506,-1768.0624139022086,0.17608509176910858,0.1727184666055765,0.8095537091819462,Yes,1
165,4,"Sn, Cl, SnBr, BrCl",328,328,-1788.3721926983233,-1767.122316487026,0.176244949171643,0.17241083299525833,0.8102315232582576,No,2
184,4,"Sn, Cl², SnBr, BrCl",331,329,-1787.1189665862876,-1765.8690903749903,0.17645827776232437,0.1721548539845066,0.8107946048821404,Yes,2
308,5,"Sn, Cl, Cl², SnBr, SnCl",329,330,-1788.0592995095615,-1762.5594480560046,0.17595817110608158,0.17267056546334208,0.8096593299650541,Yes,2
309,5,"Sn, Cl, Cl², SnBr, BrCl",330,331,-1787.9247516234034,-1762.4249001698465,0.17598102471360436,0.17337836857407726,0.8080956605049778,Yes,2
311,5,"Sn, Cl, SnBr, SnCl, BrCl",332,332,-1787.079416991524,-1761.5795655379673,0.17612467680195334,0.17241545060065272,0.810221358146691,No,3
326,5,"Sn, Cl², SnBr, SnCl, BrCl",334,333,-1785.7532245993184,-1760.2533731457615,0.176350279862831,0.1721896502223843,0.8107181121068066,Yes,3
432,6,"Sn, Cl, Cl², SnBr, SnCl, BrCl",333,334,-1786.7729963595355,-1757.023169663719,0.17583699586835183,0.17329438681661377,0.8082815263721825,Yes,3
145,4,"Sn, Br, Br², BrCl",335,335,-1772.7586555593646,-1751.5087793480673,0.17892125017732605,0.18629862548251122,0.7784283087688101,No,1
68,3,"Sn, Br², BrCl",340,336,-1765.4648471670534,-1748.4649461980155,0.18053354825578186,0.18950545876850056,0.7707346512515444,No,1
53,3,"Sn, Br, BrCl",341,337,-1764.8447921239674,-1747.8448911549294,0.18064163150141932,0.1866985415389127,0.7774760185015094,No,1
56,3,"Sn, Cl, Cl²",342,338,-1764.47331673647,-1747.473415767432,0.18070641523898984,0.2037067070407455,0.7350855621314845,Yes,0
163,4,"Sn, Cl, Cl², BrCl",337,339,-1767.9050116495873,-1746.65513543829,0.17976146010397193,0.20397194504313332,0.7343952449383742,Yes,1
286,5,"Sn, Br, Br², SnBr, BrCl",336,340,-1771.561879497115,-1746.062028043558,0.17878258402488206,0.18813140098587003,0.7740472920412864,No,2
150,4,"Sn, Br, SnBr, BrCl",339,341,-1765.9848469942503,-1744.734970782953,0.18009494627903241,0.1920137954143471,0.764625269620225,No,2
59,3,"Sn, Cl, BrCl",345,342,-1761.56251398243,-1744.562613013392,0.1812148518838054,0.20360922743855803,0.7353390400427655,No,1
57,3,"Sn, Cl, SnBr",346,343,-1761.4264586148738,-1744.4265576458358,0.18123865195360062,0.18576786459082595,0.7796890165799575,No,1
181,4,"Sn, Br², SnBr, BrCl",343,344,-1763.590871495434,-1742.3409952841366,0.18051158856908914,0.18904873067552674,0.7718384267609153,No,2
71,3,"Sn, Cl², BrCl",351,345,-1758.8882465702409,-1741.888345601203,0.18168323315014936,0.20355733612887011,0.7354739244382638,Yes,1
162,4,"Sn, Cl, Cl², SnCl",344,346,-1762.5050659722215,-1741.2551897609242,0.18070087739857704,0.2036959788810917,0.735113464693826,Yes,1
310,5,"Sn, Cl, Cl², SnCl, BrCl",338,347,-1766.087407987506,-1740.587556533949,0.17972981440328928,0.2039255058212795,0.7345161740594817,Yes,2
164,4,"Sn, Cl, SnBr, SnCl",347,348,-1761.0751677342569,-1739.8252915229596,0.18095045486994557,0.1852800625934404,0.7808445128698237,No,2
166,4,"Sn, Cl, SnCl, BrCl",350,349,-1759.5807258869324,-1738.3308496756351,0.1812116663253408,0.20360101565648805,0.7353603877422425,No,2
185,4,"Sn, Cl², SnCl, BrCl",352,350,-1756.8916118194027,-1735.6417356081054,0.18168264298764444,0.20355352091246376,0.7354838402171275,Yes,2
356,5,"Br, Sn², SnBr, SnCl, BrCl",349,351,-1760.251643267824,-1734.751791814267,0.18074508522332822,0.2167394293908958,0.7001038968130753,No,3
457,6,"Br, Sn², Br², SnBr, SnCl, BrCl",348,352,-1760.6759074813863,-1730.9260807855699,0.18032263196751716,0.21345678706558432,0.7091192993483079,No,3
352,5,"Br, Sn², Br², SnCl, BrCl",353,353,-1749.0414337719922,-1723.5415823184353,0.18271148703947632,0.20144373818972697,0.7409387150137001,No,2
211,4,"Br, Sn², SnCl, BrCl",354,354,-1744.1908234854268,-1722.9409472741295,0.18392368081372507,0.2008593733167618,0.7424395483401355,No,2
247,4,"Sn², Br², SnCl, BrCl",356,355,-1737.521937341835,-1716.2720611305376,0.18511144371444982,0.20662397612676883,0.7274435899145772,No,2
380,5,"Sn², Br², SnBr, SnCl, BrCl",355,356,-1739.749169010432,-1714.2493175568752,0.18435766507048532,0.2110839334900616,0.7155503993605212,No,3
12,2,"Sn, Cl",357,357,-1725.6586726878695,-1712.908746961091,0.18796768761789653,0.21581797256372595,0.7026484627637748,No,0
58,3,"Sn, Cl, SnCl",358,358,-1723.9485009143364,-1706.9485999452984,0.18791510970100667,0.21546301127999085,0.7036257815955493,No,1
221,4,"Br, SnBr, SnCl, BrCl",360,359,-1718.963627834918,-1697.7137516236207,0.18845730231844948,0.23800895604962408,0.63835574515834,No,3
210,4,"Br, Sn², SnBr, BrCl",361,360,-1718.3989617701957,-1697.1490855588984,0.18856004792570047,0.21100875330626806,0.7157529838456562,No,2
351,5,"Br, Sn², Br², SnBr, BrCl",359,361,-1719.0075669144126,-1693.5077154608557,0.1880858587699828,0.2080792757814795,0.7235907156312853,No,2
171,4,"Sn, Sn², Cl², SnBr",364,362,-1714.5566413383608,-1693.3067651270635,0.18926067853999803,0.2249691097218997,0.6768971784081224,Yes,1
360,5,"Br, Br², SnBr, SnCl, BrCl",362,363,-1717.0415426216791,-1691.5416911681223,0.18844312948217534,0.2373330517187964,0.6404068430901264,No,3
85,3,"Br, Sn², BrCl",366,364,-1707.587114515165,-1690.587213546127,0.19090638189225126,0.19991426640337692,0.7448576528110704,No,1
205,4,"Br, Sn², Br², BrCl",365,365,-1711.83697809821,-1690.5871018869127,0.1897581703540347,0.2004757561423095,0.743422427641613,No,1
318,5,"Sn, Sn², Cl², SnBr, SnCl",363,366,-1714.8425775848616,-1689.3427261313047,0.18884353482589847,0.22455224222400322,0.6780934873038074,Yes,2
114,3,"Sn², Br², BrCl",368,367,-1701.4633616043893,-1684.4634606353513,0.192038163236366,0.20558982217755506,0.7301650545249658,No,1
246,4,"Sn², Br², SnBr, BrCl",367,368,-1701.768563935184,-1680.5186877238866,0.1916113343988815,0.20785388099705038,0.724189213179864,No,2
226,4,"Cl, Sn², Cl², SnBr",369,369,-1700.0104998270274,-1678.76062361573,0.19193676972407142,0.20152616954136146,0.7407266544027695,Yes,1
230,4,"Cl, Sn², SnBr, BrCl",371,370,-1698.7143604657506,-1677.4644842544533,0.19217705204968485,0.20084551406831277,0.7424750903323332,No,2
249,4,"Sn², Cl², SnBr, BrCl",375,371,-1697.2771492969057,-1676.0272730856084,0.19244383841594706,0.20034434170808638,0.7437586971822742,Yes,2
97,3,"Cl, Sn², Cl²",379,372,-1691.7233455566054,-1674.7234445875674,0.19385213525149833,0.22162177503174438,0.6864405968024094,Yes,0
94,3,"Br, SnBr, BrCl",380,373,-1691.6838932222577,-1674.6839922532197,0.1938595175535037,0.22925836187830026,0.6644591957686516,No,2
369,5,"Cl, Sn², Cl², SnBr, BrCl",370,374,-1699.3447786525,-1673.8449271989432,0.19168973080235852,0.20327083046661157,0.7362180379562027,Yes,2
368,5,"Cl, Sn², Cl², SnBr, SnCl",372,375,-1698.6253117213387,-1673.1254602677818,0.19182289906673305,0.20119864329326703,0.7415687268742766,Yes,2
228,4,"Cl, Sn², Cl², BrCl",377,376,-1693.894992783966,-1672.6451165726687,0.19307312294474788,0.222168268565972,0.6848922881030222,Yes,1
100,3,"Cl, Sn², BrCl",383,377,-1689.2590302009226,-1672.2591292318846,0.1943137968422231,0.2214516060891691,0.6869219356687998,No,1
371,5,"Cl, Sn², SnBr, SnCl, BrCl",374,378,-1697.2985246042276,-1671.7986731506708,0.19206872068151706,0.2005724948138526,0.7431747471978545,No,3
381,5,"Sn², Cl², SnBr, SnCl, BrCl",376,379,-1695.7953044404153,-1670.2954529868584,0.1923476117436872,0.20010464600290873,0.7443714741368987,Yes,3
117,3,"Sn², Cl², BrCl",386,380,-1687.0190157186048,-1670.0191147495668,0.19473439203425535,0.22134277592335266,0.6872295781917175,Yes,1
216,4,"Br, Br², SnBr, BrCl",381,381,-1689.973194434736,-1668.7233182234386,0.19380539017555365,0.22815121870020508,0.6676921832017474,No,2
227,4,"Cl, Sn², Cl², SnCl",382,382,-1689.916288263131,-1668.6664120518337,0.19381603595325028,0.22149752421098592,0.686792088363724,Yes,1
464,6,"Cl, Sn², Cl², SnBr, SnCl, BrCl",373,383,-1698.0898138015132,-1668.3399871056968,0.19155192747529412,0.2028839353077364,0.7372212201625634,Yes,3
370,5,"Cl, Sn², Cl², SnCl, BrCl",378,384,-1692.298404620028,-1666.798553166471,0.19299795612964565,0.22196596093217194,0.6854659044078423,Yes,2
231,4,"Cl, Sn², SnCl, BrCl",384,385,-1687.4219501191626,-1666.1720739078653,0.19428324172754083,0.22133858996466663,0.687241408093809,No,2
61,3,"Sn, Sn², Cl²",390,386,-1682.011776043809,-1665.011875074771,0.19567786884731928,0.23270220671595124,0.6543027102271639,Yes,0
250,4,"Sn², Cl², SnCl, BrCl",389,387,-1685.1327239244408,-1663.8828477131435,0.19471301975316593,0.2212466482154074,0.6875011874631224,Yes,2
274,5,"Sn, Br, Sn², Br², SnCl",387,388,-1685.4330546369713,-1659.9332031834144,0.19428115928530584,0.28238406927017334,0.4909325184161397,No,1
279,5,"Sn, Br, Sn², SnBr, SnCl",388,389,-1685.3882689387667,-1659.8884174852099,0.19428955813225504,0.276676950724216,0.5113015826375117,No,2
172,4,"Sn, Sn², Cl², SnCl",391,390,-1680.621003646183,-1659.3711274348857,0.1955628328300581,0.23167342740117636,0.6573526173831303,Yes,1
140,4,"Sn, Br, Sn², SnCl",392,391,-1680.3317081759992,-1659.081831964702,0.19561744995510613,0.27816441585242024,0.5060327961806304,No,1
406,6,"Sn, Br, Sn², Br², SnBr, SnCl",385,392,-1687.3754446652324,-1657.625617969416,0.19354324749527718,0.2788769357149288,0.5034989550437515,No,2
255,4,"Br², SnBr, SnCl, BrCl",393,393,-1677.2684675335984,-1656.018591322301,0.19619670679622783,0.2323505012904047,0.6553468922619515,No,3
98,3,"Cl, Sn², SnBr",394,394,-1671.47159234324,-1654.471691374202,0.1976788419308714,0.21180760172456864,0.7135966741835646,No,1
229,4,"Cl, Sn², SnBr, SnCl",395,395,-1670.9275220455045,-1649.6776458342072,0.1974012315452159,0.2109471388957445,0.7159189594753217,No,2
169,4,"Sn, Sn², Br², SnCl",396,396,-1670.201810594182,-1648.9519343828847,0.1975395583029704,0.2932969013172059,0.4508260597257183,No,1
26,2,"Cl, Sn²",399,397,-1656.0627510479385,-1643.31282532116,0.20102868397593718,0.23353565362445836,0.6518219748027929,No,0
315,5,"Sn, Sn², Br², SnBr, SnCl",397,398,-1668.2490536750652,-1642.7492022215083,0.19753055042213172,0.29287213443051935,0.45241558887968003,No,2
125,3,"Br², SnBr, BrCl",398,399,-1657.0576043616682,-1640.0577033926302,0.20044839241449683,0.22654988994262276,0.6723405617405407,No,2
69,3,"Sn, Cl², SnBr",400,400,-1654.9544760343283,-1637.9545750652903,0.20085572531412302,0.23763727145000577,0.6394843803682161,Yes,1
99,3,"Cl, Sn², SnCl",401,401,-1654.71351086749,-1637.713609898452,0.2009024481543074,0.23282840309236885,0.6539276594252996,No,1
183,4,"Sn, Cl², SnBr, SnCl",402,402,-1653.0633914289194,-1631.8135152176221,0.20083461032311478,0.2375562654139547,0.6397301243423664,Yes,2
95,3,"Br, SnCl, BrCl",404,403,-1632.4868036776588,-1615.4869027086208,0.20525924875659715,0.22441576295423865,0.6784846676749327,No,2
52,3,"Sn, Br, SnCl",410,404,-1630.656233410439,-1613.656332441401,0.20562225419431904,0.2852374430836259,0.48059271006893867,No,1
217,4,"Br, Br², SnCl, BrCl",403,405,-1634.8134229338907,-1613.5635467225934,0.2044038175138647,0.22639435832487642,0.6727902985242414,No,2
25,2,"Br, BrCl",414,406,-1625.0282355703484,-1612.27830984357,0.20714182430773356,0.2228372315555501,0.6829918118773022,No,1
48,3,"Sn, Br, Sn²",412,407,-1628.2061955504798,-1611.2062945814419,0.20610910600439378,0.2799899277459662,0.49952799619799315,No,0
137,4,"Sn, Br, Sn², Br²",405,408,-1632.3173992384495,-1611.0675230271522,0.2048968791660321,0.2843279695898209,0.483899667664648,No,0
149,4,"Sn, Br, SnBr, SnCl",407,409,-1631.5856458843436,-1610.3357696730463,0.20504165420671813,0.28693884766713357,0.47437783464473493,No,2
89,3,"Br, Br², BrCl",413,410,-1627.3220904544894,-1610.3221894854514,0.2062850711450538,0.22472186725400314,0.6776069722298419,No,1
144,4,"Sn, Br, Br², SnCl",408,411,-1631.3712030088677,-1610.1213267975704,0.20508410041608782,0.28817617405767665,0.4698349264700814,No,1
139,4,"Sn, Br, Sn², SnBr",411,412,-1629.4628028580316,-1608.2129266467343,0.20546223094656502,0.2766217177474511,0.5114966807404031,No,1
273,5,"Sn, Br, Sn², Br², SnBr",406,413,-1631.64348181643,-1606.1436303628732,0.20463477843141645,0.28060236512982384,0.49733618174361627,No,1
285,5,"Sn, Br, Br², SnBr, SnCl",409,414,-1631.0165845077727,-1605.5167330542158,0.20475864311593323,0.2882264477912464,0.4696499305893679,No,2
126,3,"Br², SnCl, BrCl",415,415,-1621.9284747815493,-1604.9285738125113,0.207361831462474,0.23307357989439043,0.6531984220719415,No,2
40,2,"Br², BrCl",418,416,-1615.1479555119204,-1602.398029785142,0.2091267756466402,0.2313134891773261,0.6584164949690174,No,1
60,3,"Sn, Sn², Br²",416,417,-1617.8931994881455,-1600.8932985191075,0.20817109189649258,0.2954959986529674,0.44255993435122853,No,0
15,2,"Sn, Cl²",419,418,-1610.8915773567833,-1598.1416516300048,0.20998773478631794,0.2614041457727707,0.5637655962120494,Yes,0
168,4,"Sn, Sn², Br², SnBr",417,419,-1616.1412066082398,-1594.8913303969425,0.2081212639680166,0.2970867218083691,0.4365421231596388,No,1
70,3,"Sn, Cl², SnCl",420,420,-1609.261714568929,-1592.261813599891,0.20991272475551662,0.2619547710659545,0.5619258803356793,Yes,1
67,3,"Sn, Br², SnCl",421,421,-1608.0582040502552,-1591.0583030812172,0.21015671989951307,0.30414322792859055,0.40945734391042454,No,1
180,4,"Sn, Br², SnBr, SnCl",422,422,-1606.732298743693,-1585.4824225323957,0.21002002158785782,0.30433435792165275,0.40871489187820453,No,2
176,4,"Sn, Sn², SnCl, BrCl",424,423,-1603.3669977910015,-1582.1171215797042,0.210703351473567,0.22143242917247738,0.6869761562012835,No,2
321,5,"Sn, Sn², SnBr, SnCl, BrCl",423,424,-1606.204532488014,-1580.704681034457,0.2097217793391937,0.21157249181514304,0.7142321460671781,No,3
64,3,"Sn, Sn², BrCl",427,425,-1588.7326840106666,-1571.7327830416286,0.21411377111880864,0.2188559816516876,0.694218072922445,No,1
175,4,"Sn, Sn², SnBr, BrCl",425,426,-1592.7696666683814,-1571.5197904570841,0.21286971484186518,0.2095206081030403,0.7197481661719183,No,2
209,4,"Br, Sn², SnBr, SnCl",426,427,-1588.9153452223588,-1567.6654690110615,0.21366314769092226,0.29996915399805674,0.4255553780987418,No,2
105,3,"Cl, Cl², SnBr",433,428,-1581.0699139285753,-1564.0700129595373,0.2157033341688731,0.2449279927987099,0.6170237713135648,Yes,1
238,4,"Cl, Cl², SnBr, SnCl",429,429,-1585.2304211383528,-1563.9805449270555,0.2144244742957625,0.24055515631279903,0.6305766755500962,Yes,2
84,3,"Br, Sn², SnCl",434,430,-1580.3613417093027,-1563.3614407402647,0.21585091493147024,0.29615304810846954,0.4400781890964449,No,1
109,3,"Cl, SnBr, BrCl",436,431,-1579.7093700676837,-1562.7094690986457,0.21598679617284555,0.24339330065683928,0.6218081098558877,No,2
241,4,"Cl, SnBr, SnCl, BrCl",431,432,-1583.7712199938992,-1562.521343782602,0.2147267029567002,0.23924323468674855,0.6345951540556065,No,3
128,3,"Cl², SnBr, BrCl",438,433,-1578.5172147620694,-1561.5173137930315,0.216235481512946,0.2424886775605261,0.624614147119035,Yes,2
350,5,"Br, Sn², Br², SnBr, SnCl",428,434,-1586.9653449998016,-1561.4654935462447,0.21365283605767857,0.300123489923829,0.4249641156390086,No,2
256,4,"Cl², SnBr, SnCl, BrCl",432,435,-1582.372263223354,-1561.1223870120566,0.21501685380949154,0.23842858706980388,0.6370793988324164,Yes,3
106,3,"Cl, Cl², SnCl",439,436,-1577.254132220573,-1560.254231251535,0.21649927477938774,0.226207327328094,0.6733307102041164,Yes,1
110,3,"Cl, SnCl, BrCl",440,437,-1576.887492076565,-1559.887591107527,0.21657590737856508,0.2262055790382622,0.673335759646126,No,2
376,5,"Cl, Cl², SnBr, SnCl, BrCl",430,438,-1584.9028741153165,-1559.4030226617597,0.21407860021903818,0.24377578938869787,0.6206185307103951,Yes,3
129,3,"Cl², SnCl, BrCl",441,439,-1576.2449599966626,-1559.2450590276246,0.21671027043845972,0.2261927321281001,0.6733728631251577,Yes,2
239,4,"Cl, Cl², SnBr, BrCl",435,440,-1580.3382487868842,-1559.0883725755868,0.2154394184768906,0.24821159942181076,0.6066862607589006,Yes,2
204,4,"Br, Sn², Br², SnCl",437,441,-1579.5514156132542,-1558.301539401957,0.21560310503115623,0.2984608517343863,0.431317689381734,No,1
115,3,"Sn², Cl², SnBr",443,442,-1573.0662857250418,-1556.0663847560038,0.21737620597502866,0.25890965572115676,0.5720515421117834,Yes,1
31,2,"Cl, BrCl",445,443,-1568.3785524491545,-1555.628626722376,0.21878398245982264,0.22646191490459433,0.6725949891838368,No,1
28,2,"Cl, Cl²",446,444,-1568.320647751732,-1555.5707220249535,0.21879621119954526,0.2265152113075532,0.6724408655846319,Yes,0
43,2,"Cl², BrCl",447,445,-1568.1247514892239,-1555.3748257624454,0.21883758708042123,0.22643924723896117,0.6726605289977846,Yes,1
240,4,"Cl, Cl², SnCl, BrCl",442,446,-1575.2841171135078,-1554.0342409022105,0.21649300874306435,0.22621483357365602,0.673309030087746,Yes,2
11,2,"Sn, Br",449,447,-1563.4237146747494,-1550.673788947971,0.21983285849721407,0.28706678857019974,0.4739089990895451,No,0
248,4,"Sn², Cl², SnBr, SnCl",444,448,-1571.1412077326193,-1549.891331521322,0.21736048621357495,0.2587359185315235,0.5726256853687866,Yes,2
107,3,"Cl, Cl², BrCl",448,449,-1566.4095990872756,-1549.4096981182377,0.2187774260839994,0.22647549876705075,0.6725557105437947,Yes,1
49,3,"Sn, Br, Br²",450,450,-1563.0965487178648,-1546.0966477488269,0.2194781797806719,0.2896567919637971,0.46437306999385985,No,0
51,3,"Sn, Br, SnBr",451,451,-1561.8191654892782,-1544.8192645202403,0.2197489622679848,0.2869146266650416,0.4744665682431538,No,1
93,3,"Br, SnBr, SnCl",454,452,-1557.5175715943965,-1540.5176706253585,0.2206632826841917,0.31368709559116925,0.3718139649418346,No,2
30,2,"Cl, SnCl",458,453,-1552.8894984530693,-1540.139572726291,0.22207955774195132,0.23886913412290794,0.6357370152479402,No,1
143,4,"Sn, Br, Br², SnBr",452,454,-1561.1617778851041,-1539.9119016738068,0.2194643613171525,0.28931030372333055,0.4656537403387435,No,1
186,4,"Sn, SnBr, SnCl, BrCl",453,455,-1560.413821894854,-1539.1639456835567,0.219622864167673,0.22874491149533968,0.6659604769314098,No,3
33,2,"Sn², Cl²",460,456,-1551.2981561957733,-1538.548230468995,0.22242094398360476,0.2778763262298897,0.5070554513078989,Yes,0
108,3,"Cl, SnBr, SnCl",456,457,-1555.329727821998,-1538.32982685296,0.22112977584662916,0.24619322497541996,0.6130568471628014,No,2
74,3,"Sn, SnCl, BrCl",457,458,-1553.4083679904197,-1536.4084670213817,0.22154026242307243,0.24959609134577337,0.6022863182700733,No,2
29,2,"Cl, SnBr",463,459,-1548.599746826414,-1535.8498210996356,0.22300102609647898,0.25209902866311024,0.5942698178182131,No,1
113,3,"Sn², Br², SnCl",459,460,-1552.0585437244515,-1535.0586427554135,0.22182909960405095,0.3180712646676377,0.35413188850834776,No,1
215,4,"Br, Br², SnBr, SnCl",455,461,-1556.2207285726831,-1534.9708523613858,0.22051356426397875,0.3135518882888311,0.3723553772963072,No,2
4,1,Cl,464,462,-1542.5752570689176,-1534.0753065843987,0.22473501999282644,0.24174706777283556,0.6269067417410206,No,0
116,3,"Sn², Cl², SnCl",462,463,-1549.376807542898,-1532.37690657386,0.2224040588071147,0.2781869245191468,0.5059528507068081,Yes,1
245,4,"Sn², Br², SnBr, SnCl",461,464,-1550.6767988848553,-1529.426922673558,0.2216967578366778,0.31802359514101447,0.3543254672652544,No,2
14,2,"Sn, Br²",466,465,-1539.5475278377087,-1526.7976021109303,0.22495807148765562,0.3069156211913207,0.3986421865240385,No,0
66,3,"Sn, Br², SnBr",465,466,-1540.6524525402376,-1523.6525515711996,0.22428487434678723,0.3094215678877304,0.3887819990220699,No,1
73,3,"Sn, SnBr, BrCl",467,467,-1539.0485939643909,-1522.048692995353,0.22463236451067986,0.22718267859129093,0.6705075991353082,No,2
18,2,"Sn, BrCl",468,468,-1529.489491343857,-1516.7395656170786,0.2271527197114785,0.2490473160981615,0.6040332646184712,No,1
20,2,"Br, Sn²",471,469,-1522.236483702504,-1509.4865579757256,0.22874858948630994,0.29834403761098616,0.4317627536186742,No,0
83,3,"Br, Sn², SnBr",469,470,-1525.912156797957,-1508.9122558289191,0.22749882852173112,0.29812774490866867,0.43258637334761085,No,1
81,3,"Br, Sn², Br²",472,471,-1520.9677729418995,-1503.9678719728615,0.22858717794594938,0.30035477508054975,0.42407749053193,No,0
203,4,"Br, Sn², Br², SnBr",470,472,-1523.9593469185334,-1502.709470707236,0.2274884661157027,0.2984596808089305,0.4313221514965053,No,1
23,2,"Br, SnBr",473,473,-1510.0064140278828,-1497.2564883011044,0.23146498850169658,0.30748235064638935,0.3964192834325504,No,1
87,3,"Br, Br², SnBr",474,474,-1508.339360416008,-1491.33945944697,0.23139061297109448,0.3068831067018087,0.3987695948751294,No,1
24,2,"Br, SnCl",478,475,-1497.91796841748,-1485.1680426907017,0.23418162940395423,0.320078425065541,0.34595478277688707,No,1
120,3,"Sn², SnCl, BrCl",476,476,-1499.4753466274053,-1482.4754456583673,0.23337888425490466,0.2660418775127068,0.5481492791597138,No,2
124,3,"Br², SnBr, SnCl",477,477,-1499.438698239064,-1482.438797270026,0.23338714015380682,0.33224780653239655,0.29527574983331006,No,2
32,2,"Sn², Br²",480,478,-1493.912164129577,-1481.1622384027985,0.23508887044568288,0.32101335876435605,0.34212833318802516,No,0
88,3,"Br, Br², SnCl",479,479,-1496.5262952652795,-1479.5263942962415,0.23404416110713186,0.32224972648113925,0.3370510515183017,No,1
251,4,"Sn², SnBr, SnCl, BrCl",475,480,-1499.7316233028137,-1478.4817470915164,0.23287116770021155,0.255233835733205,0.5841167149776847,No,3
112,3,"Sn², Br², SnBr",481,481,-1491.9143087889215,-1474.9144078198835,0.2350883837806048,0.32095253666052376,0.3423776022424657,No,1
36,2,"Sn², BrCl",483,482,-1479.886850595369,-1467.1369248685905,0.2382931318370007,0.264569784381357,0.5531359080451426,No,1
3,1,Br,484,483,-1474.0977770173488,-1465.59782653283,0.24009146933939512,0.3195614266180525,0.34806593585169465,No,0
119,3,"Sn², SnBr, BrCl",482,484,-1481.0722920101255,-1464.0723910410875,0.23756156520324362,0.25272650913191647,0.5922475601064539,No,2
21,2,"Br, Br²",485,485,-1472.5555888466067,-1459.8056631198283,0.23998539556327114,0.3214873371378104,0.34018419513919096,No,0
39,2,"Br², SnCl",486,486,-1468.2873524250692,-1455.5374266982908,0.24097615555657811,0.34457752701289307,0.24200058423436033,No,1
7,1,Cl²,490,487,-1461.2719558127956,-1452.7720053282767,0.243082309759932,0.2887008673284479,0.46790258568306975,Yes,0
42,2,"Cl², SnCl",487,488,-1464.599277532612,-1451.8493518058335,0.24183553963491325,0.2861791874909728,0.4771572817045483,Yes,1
41,2,"Cl², SnBr",489,489,-1462.1245673250999,-1449.3746415983214,0.24241390666092955,0.29277606601706113,0.4527747690920939,Yes,1
38,2,"Br², SnBr",491,490,-1460.673624758053,-1447.9236990312745,0.24275365094008441,0.3307088547973524,0.3017891102364685,No,1
127,3,"Cl², SnBr, SnCl",488,491,-1463.9366530675668,-1446.9367520985288,0.24152355481939605,0.2889421365160971,0.4670128595416021,Yes,2
6,1,Br²,492,492,-1444.652680276726,-1436.152729792207,0.24701322582178334,0.3441752706031318,0.24376931333107066,No,0
130,3,"SnBr, SnCl, BrCl",493,493,-1420.6984300242646,-1403.6985290552266,0.2518170269740015,0.292831037229521,0.4525692573582757,No,3
45,2,"SnBr, BrCl",494,494,-1415.569740196739,-1402.8198144699606,0.2535557487649293,0.2882229457985995,0.46966281816977196,No,2
10,1,BrCl,496,495,-1404.9357528197056,-1396.4358023351867,0.2566667840703134,0.27114184123235385,0.5306594769039416,No,1
46,2,"SnCl, BrCl",495,496,-1406.2900542283598,-1393.5401285015814,0.25583710693625056,0.2713859253716867,0.5298140880815825,No,2
174,4,"Sn, Sn², SnBr, SnCl",497,497,-1397.1980794416477,-1375.9482032303504,0.2570976501758556,0.3399047778765909,0.26241935824406726,No,2
63,3,"Sn, Sn², SnCl",498,498,-1386.567206843109,-1369.567305874071,0.26025136084414685,0.34617942234512833,0.2349365243862318,No,1
62,3,"Sn, Sn², SnBr",499,499,-1367.1010430896708,-1350.1011421206329,0.26518764502039094,0.34221815415759205,0.2523453129327551,No,1
72,3,"Sn, SnBr, SnCl",500,500,-1358.4735675254647,-1341.4736665564267,0.26740526362571265,0.3528447754451072,0.20519177306684777,No,2
13,2,"Sn, Sn²",501,501,-1352.9804552369535,-1340.230529510175,0.26934634593674434,0.34391292595327105,0.2449217346694792,No,0
17,2,"Sn, SnCl",502,502,-1341.8619275080725,-1329.112001781294,0.2722525838327049,0.3707604401562354,0.12243003819184439,No,1
16,2,"Sn, SnBr",503,503,-1317.6205437769634,-1304.870618050185,0.2786981430246065,0.35614140280589707,0.19027061267548395,No,1
118,3,"Sn², SnBr, SnCl",504,504,-1304.7576540670327,-1287.7577530979947,0.2816357829238744,0.37358782913293354,0.1089944490517245,No,2
2,1,Sn,506,505,-1294.910235408019,-1286.4102849235,0.2854254632216882,0.3709628626438589,0.12147153038931957,No,0
35,2,"Sn², SnCl",505,506,-1298.312969709427,-1285.5630439826487,0.2839408455022683,0.38662642871896136,0.04571511059662359,No,1
34,2,"Sn², SnBr",507,507,-1267.1227826593868,-1254.3728569326083,0.2926192524116196,0.37485540716520555,0.10293785391687105,No,1
5,1,Sn²,508,508,-1257.5525810101863,-1249.0526305256674,0.2959055845855439,0.38585638730289923,0.04951261147109687,No,0
9,1,SnCl,510,509,-1229.1545261730394,-1220.6545756885205,0.30412891751602295,0.3986469800128918,-0.014546432558351308,No,1
44,2,"SnBr, SnCl",509,510,-1232.0649925232174,-1219.315066796439,0.302690808314429,0.4041978549688025,-0.042996810048361755,No,2
1,0,(intercept only),511,511,-1213.9446369532775,-1209.694661711018,0.3092232612977055,0.39814797293904797,-0.012008101592033693,No,0
8,1,SnBr,512,512,-1213.2948273404131,-1204.7948768558942,0.3088205215986799,0.39984801723496805,-0.020668859873378853,No,1
